Gender,M,R,F,FirstPurch,BusinessExecutive,Surfer,Yuppie,Hipster,Artist,ClassicGentleman,Rugged,Formal,Casual,Comic,Success
1,260,16,2,18,0,0,1,0,1,0,0,0,0,0,0
0,259,12,5,30,1,0,1,0,0,1,1,0,0,0,0
1,218,16,6,42,1,1,3,1,0,0,0,0,0,0,0
1,143,14,1,14,0,0,0,1,0,0,0,0,0,0,0
1,419,8,11,52,4,0,1,0,1,1,2,1,1,1,1
1,185,10,1,10,0,0,0,0,0,0,0,0,0,0,0
1,177,10,9,30,0,1,1,1,1,2,0,1,1,1,0
1,124,8,5,24,1,0,0,0,1,0,0,0,0,0,0
0,431,28,12,68,3,0,3,0,2,1,3,1,1,1,0
1,228,28,8,66,3,0,0,1,2,0,2,0,0,0,0
1,263,24,2,28,0,0,1,0,1,0,0,0,1,0,0
0,286,12,1,12,0,0,0,0,0,0,0,0,0,0,0
1,333,12,12,82,2,1,5,0,0,2,1,0,0,0,1
1,269,2,10,56,4,0,1,1,0,0,2,1,0,0,0
0,91,14,1,14,0,0,0,0,0,1,0,0,0,0,0
0,304,16,2,24,0,0,0,1,0,1,0,0,0,0,0
1,247,22,7,58,2,1,2,0,0,0,2,0,0,0,0
0,74,14,2,20,1,0,1,0,0,0,0,0,0,0,0
1,253,14,1,14,0,0,1,0,0,0,0,0,0,0,0
0,249,2,3,8,0,0,0,0,0,0,0,0,0,0,0
0,224,12,2,18,1,0,0,0,0,0,0,0,0,0,1
1,214,4,2,10,0,0,0,0,0,0,0,0,0,0,0
1,48,8,1,8,0,0,0,0,0,0,0,0,0,0,0
1,323,4,2,6,0,0,0,0,0,0,0,0,0,0,0
1,242,6,4,16,1,0,0,0,0,0,0,0,0,0,0
1,192,14,5,24,1,1,1,0,1,0,1,1,1,0,0
1,186,34,1,34,0,0,0,0,1,0,0,0,0,0,0
0,390,30,9,76,2,0,2,2,2,0,1,0,0,0,0
1,187,10,9,34,4,0,0,0,0,2,1,0,0,1,0
0,242,10,2,14,0,0,0,0,1,0,0,0,0,0,0
1,277,2,5,24,1,0,0,0,0,0,0,0,0,0,0
1,477,12,12,58,2,0,4,3,0,1,1,1,0,0,0
1,225,8,1,8,0,0,0,0,0,0,0,0,0,0,0
1,275,20,2,22,1,0,1,0,0,0,0,1,0,0,0
1,151,16,1,16,0,0,0,0,0,0,1,0,0,0,0
0,260,20,2,24,0,1,1,0,0,0,0,1,0,0,0
1,82,8,1,8,0,0,0,0,0,0,0,0,0,0,0
1,259,8,12,36,1,0,2,4,1,1,1,0,0,0,0
1,379,24,8,52,5,0,1,0,1,0,1,0,0,0,0
1,421,16,10,56,2,2,2,1,1,1,1,0,0,0,0
1,200,4,5,26,0,1,2,0,0,0,0,0,0,0,0
1,231,16,2,20,1,0,1,0,0,0,0,0,0,0,0
1,162,12,2,18,0,1,0,0,0,0,0,0,0,0,0
1,393,32,8,56,3,1,1,1,1,0,1,0,0,0,0
0,264,2,4,26,0,1,2,0,0,0,0,1,0,0,1
0,372,10,12,44,0,1,3,2,0,2,1,1,0,1,0
1,80,10,1,10,0,0,0,0,0,0,0,0,0,0,0
0,381,16,10,72,1,2,2,2,1,0,2,0,0,0,0
1,319,10,10,58,0,1,3,2,0,1,1,2,0,1,0
1,231,16,1,16,0,0,0,1,0,0,0,0,0,0,0
1,67,24,2,32,0,0,1,1,0,0,0,0,0,0,0
1,239,28,2,30,0,0,1,1,0,0,0,0,0,0,0
1,295,10,5,34,1,1,0,0,1,0,0,0,0,0,0
0,127,4,2,12,0,0,0,0,0,0,0,0,0,0,1
1,75,32,1,32,1,0,0,0,0,0,0,0,0,0,0
0,180,16,8,52,2,0,0,2,2,0,2,0,2,0,0
1,202,12,1,12,0,0,0,0,0,0,0,0,0,0,0
0,169,34,5,46,0,2,2,0,0,1,0,1,0,1,0
1,71,14,1,14,0,0,1,0,0,0,0,0,0,0,0
0,237,2,1,2,0,0,0,0,0,0,0,0,0,0,0
1,40,12,2,14,1,0,0,0,0,0,0,0,0,0,0
1,255,28,1,28,0,0,1,0,0,0,0,0,0,0,0
0,462,2,11,44,2,0,0,1,1,2,1,0,0,0,1
1,68,10,3,20,0,2,0,0,0,0,0,0,0,0,0
1,82,28,3,34,0,1,1,0,0,1,0,0,0,0,0
1,130,16,1,16,0,0,0,1,0,0,0,0,0,0,0
1,302,30,7,66,2,2,1,0,0,1,1,0,0,0,0
1,148,8,9,28,0,1,2,0,0,1,3,0,0,0,0
1,208,20,5,42,2,1,2,0,0,0,0,1,0,0,0
1,258,32,2,40,0,0,0,0,0,2,0,0,0,0,0
1,32,32,2,36,0,0,0,0,2,0,0,0,0,0,0
0,71,12,1,12,0,0,0,0,0,0,0,0,0,0,0
1,319,12,5,34,2,0,1,0,0,0,1,0,0,0,0
1,199,4,1,4,0,0,0,0,0,0,0,0,0,0,0
1,337,10,6,44,0,1,1,1,0,0,2,1,0,0,0
0,52,4,1,4,0,0,0,0,0,0,0,0,0,0,0
1,67,10,1,10,0,0,0,0,0,0,0,0,0,0,0
1,62,36,1,36,0,0,0,0,0,0,1,0,0,0,0
1,206,12,2,14,1,0,0,0,0,0,0,0,0,0,0
1,173,10,1,10,0,0,0,0,0,0,0,0,0,0,0
0,367,22,7,42,1,0,2,2,0,2,0,1,0,1,0
0,170,4,1,4,0,0,0,0,0,0,0,0,0,0,0
1,322,24,2,30,0,0,0,0,0,1,1,0,0,0,0
0,198,12,12,60,2,0,1,2,0,2,4,1,0,1,1
1,198,2,1,2,0,0,0,0,0,0,0,0,0,0,0
0,171,8,2,16,0,0,1,0,0,0,0,0,0,0,0
1,111,2,1,2,0,0,0,0,0,0,0,0,0,0,0
1,330,10,6,44,1,0,2,0,1,0,1,0,0,0,0
1,310,14,1,14,0,0,0,0,0,0,0,0,0,0,0
0,148,6,5,36,0,0,2,1,0,1,0,0,0,0,1
0,87,22,2,26,1,0,0,1,0,0,0,0,0,0,0
1,249,2,2,8,0,0,0,0,0,0,0,0,0,0,1
1,118,32,2,34,1,1,0,0,0,0,0,0,0,0,0
1,242,14,12,72,0,2,6,1,1,1,1,0,0,0,0
1,106,6,2,10,0,0,0,0,0,0,0,0,0,0,0
1,93,12,2,14,1,0,0,0,0,0,0,0,0,0,0
1,233,12,1,12,0,0,0,0,0,0,0,0,0,0,0
1,288,10,2,12,0,0,0,0,0,0,0,0,0,0,0
1,72,10,2,14,1,0,0,0,0,0,0,0,0,0,0
1,90,14,1,14,0,0,0,0,0,1,0,0,0,0,0
1,332,22,6,50,1,1,1,2,0,0,1,0,0,0,0
1,23,12,1,12,0,0,0,0,0,0,0,0,0,0,0
1,215,6,4,26,2,0,0,0,0,1,0,0,0,0,0
1,370,32,11,64,4,1,4,1,1,0,0,0,0,0,0
1,181,4,2,10,0,0,0,0,0,0,0,0,0,0,0
1,237,18,12,82,1,0,7,2,2,0,0,0,0,0,0
1,310,12,1,12,0,0,0,0,0,0,0,0,0,0,0
1,36,8,2,16,1,0,0,0,0,0,0,0,0,0,0
0,69,6,1,6,0,0,0,0,0,0,0,0,0,0,0
1,321,2,2,6,0,0,0,0,0,0,0,0,0,0,0
1,348,2,7,38,1,1,1,0,1,0,1,0,0,0,0
1,58,14,1,14,0,0,0,0,1,0,0,0,0,0,0
1,107,22,3,30,1,0,1,0,1,0,0,0,1,0,0
1,223,6,8,32,0,0,3,0,0,2,0,1,0,2,0
1,71,10,1,10,0,0,0,0,0,0,0,0,0,0,0
1,90,14,2,16,0,0,2,0,0,0,0,1,0,0,0
0,20,34,1,34,1,0,0,0,0,0,0,0,0,0,0
1,279,16,2,22,1,0,0,0,0,0,1,0,0,0,0
1,62,14,1,14,0,0,0,0,1,0,0,0,0,0,0
1,140,10,9,62,0,0,1,2,0,2,3,0,0,0,1
0,206,14,2,18,0,0,2,0,0,0,0,0,0,0,0
1,46,6,2,8,0,0,0,0,0,0,0,0,0,0,0
1,264,16,1,16,0,1,0,0,0,0,0,0,0,0,0
0,210,34,2,42,0,0,2,0,0,0,0,1,0,0,0
1,62,36,2,38,1,0,1,0,0,0,0,0,0,0,0
1,67,4,1,4,0,0,0,0,0,0,0,0,0,0,1
1,446,8,12,42,1,1,2,0,0,1,2,0,0,0,0
1,219,10,7,34,1,0,1,0,0,1,2,1,0,1,1
0,300,10,2,14,0,0,0,1,0,0,0,0,0,0,0
1,173,16,8,56,1,1,2,1,3,0,0,0,0,0,0
1,194,34,10,72,1,2,1,1,0,2,3,1,0,1,0
1,303,12,2,16,0,0,0,0,0,0,1,0,0,0,0
1,131,14,2,22,0,0,0,0,2,0,0,0,0,0,0
0,308,20,12,70,4,0,1,3,1,2,1,0,0,0,0
1,138,10,1,10,0,0,0,0,0,0,0,0,0,0,0
1,215,34,2,38,0,0,0,1,0,1,0,0,0,0,0
1,88,10,2,16,0,0,1,0,0,0,0,0,0,0,0
1,291,36,1,36,0,0,1,0,0,0,0,0,0,0,0
1,173,10,8,36,2,1,0,0,1,2,1,0,1,1,0
1,126,10,5,20,1,1,0,1,0,0,0,0,0,0,0
1,398,10,12,68,3,1,3,1,0,1,2,0,0,0,0
1,230,16,12,84,4,0,4,1,1,1,1,2,1,1,0
0,214,14,12,58,3,0,6,1,0,2,0,0,0,0,0
1,344,8,4,28,0,1,0,0,1,0,1,0,0,0,0
0,112,20,2,28,1,0,1,0,0,0,0,0,0,0,0
1,281,2,10,38,2,2,1,1,1,0,2,0,0,0,0
1,295,10,4,32,0,0,0,1,0,1,1,0,0,0,0
0,78,10,5,24,1,0,1,1,0,0,0,0,0,0,0
1,130,16,1,16,1,0,0,0,0,0,0,0,0,0,0
1,265,8,1,8,0,0,0,0,0,0,0,0,0,0,0
0,207,4,2,8,0,0,0,0,0,0,0,0,0,0,0
1,198,10,5,28,1,0,2,0,0,1,0,0,0,0,0
1,176,8,11,64,2,0,2,0,0,2,4,1,0,1,1
1,34,24,1,24,1,0,0,0,0,0,0,0,0,0,0
1,242,16,6,42,3,0,0,1,0,0,2,0,0,0,0
1,272,14,1,14,0,0,1,0,0,0,0,0,0,0,0
0,301,10,1,10,0,0,0,0,0,0,0,0,0,0,0
1,192,14,9,62,2,1,0,0,3,0,2,0,1,0,0
1,102,12,1,12,0,0,0,0,0,0,0,0,0,0,0
1,60,22,2,28,1,0,1,0,0,0,0,0,0,0,0
1,159,30,5,44,3,1,0,0,0,1,0,0,0,1,0
1,177,12,1,12,0,0,0,0,0,0,0,0,0,0,0
1,292,24,6,40,2,0,3,1,0,0,0,0,0,0,0
1,296,4,1,4,0,0,0,0,0,0,0,0,0,0,0
1,363,28,10,68,4,0,2,0,0,1,3,0,0,0,0
1,188,10,10,58,1,2,3,0,2,1,0,0,0,0,0
0,265,4,2,8,0,0,0,0,0,0,0,0,0,0,1
1,95,16,2,24,0,0,0,1,0,1,0,0,0,0,0
0,273,14,2,16,0,0,1,0,0,0,0,0,0,0,0
1,207,18,11,54,3,0,2,2,0,2,2,1,0,1,0
1,74,24,1,24,0,0,1,0,0,0,0,0,0,0,0
1,149,16,1,16,1,0,0,0,0,0,0,0,0,0,0
1,223,36,3,48,0,0,1,0,0,0,2,0,0,0,0
1,207,12,2,18,0,0,0,1,0,0,0,0,0,0,0
0,175,8,9,34,1,0,1,0,0,1,3,0,0,0,1
1,58,10,1,10,0,0,0,0,0,0,0,0,0,0,0
1,189,22,2,28,1,1,0,0,0,0,0,0,0,0,0
1,128,12,2,18,0,1,0,0,0,0,0,0,0,0,0
1,333,24,10,58,2,1,2,1,1,1,2,1,0,1,0
0,118,14,2,22,1,0,0,1,0,0,0,0,0,0,0
0,123,14,5,34,1,0,2,1,1,0,0,1,1,0,0
1,93,14,2,16,0,0,2,0,0,0,0,1,0,0,0
1,155,6,1,6,0,0,0,0,0,0,0,0,0,0,0
1,220,10,2,14,0,1,0,0,0,0,0,0,0,0,0
1,131,2,8,38,1,1,2,1,0,1,0,1,0,0,0
1,108,12,1,12,0,0,0,0,0,0,0,0,0,0,0
1,170,14,2,20,1,1,0,0,0,0,0,0,0,0,0
0,267,16,1,16,0,1,0,0,0,0,0,0,0,0,0
1,237,12,1,12,0,0,0,0,0,0,0,0,0,0,0
0,278,18,2,20,1,0,1,0,0,0,0,1,0,0,0
1,296,20,1,20,0,0,1,0,0,0,0,0,0,0,0
0,380,26,8,66,1,1,1,0,1,1,3,0,0,0,0
1,253,4,1,4,0,0,0,0,0,0,0,0,0,0,0
1,89,4,1,4,0,0,0,0,0,0,0,0,0,0,0
0,217,6,6,28,0,1,2,0,0,0,0,0,0,0,0
1,117,10,3,24,0,1,1,0,0,0,0,0,0,0,0
0,253,10,8,54,2,0,2,1,0,1,1,0,0,0,0
1,192,8,1,8,0,0,0,0,0,0,0,0,0,0,0
0,90,12,1,12,0,0,0,0,0,0,0,0,0,0,0
0,304,8,4,28,0,0,1,0,0,0,2,1,0,0,1
1,133,16,5,40,1,1,2,0,0,1,0,0,0,0,0
0,262,4,1,4,0,0,0,0,0,0,0,0,0,0,0
1,152,6,1,6,0,0,0,0,0,0,0,0,0,0,0
1,404,14,11,60,1,1,5,1,1,0,2,1,0,0,0
1,281,16,1,16,0,1,0,0,0,0,0,0,0,0,0
0,320,28,2,34,0,0,0,1,1,0,0,0,0,0,0
1,131,2,4,12,0,0,0,0,0,0,0,0,0,0,1
1,139,4,2,12,0,0,0,0,0,0,0,0,0,0,0
0,68,4,2,10,0,0,0,0,0,0,0,0,0,0,1
1,63,34,2,40,1,0,0,0,0,0,1,0,0,0,0
1,171,16,2,20,0,0,1,0,0,1,0,0,0,0,0
0,370,14,6,30,1,0,2,0,2,0,1,0,0,0,0
1,362,26,9,50,3,1,3,1,0,0,1,0,0,0,0
0,111,2,4,14,0,0,1,0,0,0,0,0,0,0,0
0,40,12,1,12,0,0,0,0,0,0,0,0,0,0,1
1,114,6,1,6,0,0,0,0,0,0,0,0,0,0,0
1,195,12,1,12,0,0,0,0,0,0,0,0,0,0,0
1,319,12,2,16,0,0,1,0,0,0,0,0,0,0,0
1,195,16,12,52,3,2,4,0,1,1,1,0,0,0,0
1,128,8,2,10,0,0,0,0,0,0,0,0,0,0,0
1,231,2,2,8,0,0,0,0,0,0,0,0,0,0,0
1,95,10,1,10,0,0,0,0,0,0,0,0,0,0,0
1,236,14,12,46,4,0,2,1,1,0,3,0,0,0,0
1,24,36,1,36,1,0,0,0,0,0,0,0,0,0,0
1,422,34,11,66,2,1,4,2,1,1,0,0,0,0,0
1,266,12,5,22,0,0,1,2,0,1,0,0,0,0,0
0,285,16,11,76,2,2,4,0,1,0,2,0,0,0,0
1,263,4,1,4,0,0,0,0,0,0,0,0,0,0,0
0,144,10,2,16,0,1,0,0,0,0,0,0,0,0,0
1,113,12,2,18,0,0,0,0,1,0,0,0,0,0,0
1,260,20,2,26,0,2,0,0,0,0,0,0,0,0,0
0,334,8,4,28,0,0,0,1,0,1,0,0,0,0,1
1,146,18,1,18,1,0,0,0,0,0,0,0,0,0,0
0,116,14,2,22,1,0,1,0,0,0,0,0,0,0,0
0,257,26,1,26,0,0,0,0,0,1,0,0,0,0,0
1,98,16,2,20,0,0,0,0,1,1,0,0,0,0,0
1,211,4,1,4,0,0,0,0,0,0,0,0,0,0,0
0,177,2,5,18,0,0,0,0,0,0,1,0,0,0,1
1,279,14,1,14,1,0,0,0,0,0,0,0,0,0,0
0,145,2,2,8,0,0,0,0,0,0,0,0,0,0,0
1,151,6,1,6,0,0,0,0,0,0,0,0,0,0,0
0,86,10,1,10,0,0,0,0,0,0,0,0,0,0,0
0,173,32,4,52,0,1,1,0,1,0,1,0,0,0,0
1,250,30,2,34,1,0,1,0,0,0,0,0,0,0,0
0,180,22,2,28,0,0,0,0,0,1,1,0,0,0,1
1,465,10,12,52,2,2,4,0,1,0,2,0,0,0,0
1,169,16,1,16,0,0,1,0,0,0,0,0,0,0,0
1,213,32,9,60,1,1,4,1,1,1,0,1,0,0,0
0,248,28,2,30,0,1,0,0,0,1,0,0,0,0,0
1,235,16,2,24,0,0,1,0,1,0,0,0,0,0,0
1,148,8,7,36,1,0,1,1,0,0,0,1,0,0,0
1,282,14,2,20,0,0,2,0,0,0,0,0,0,0,0
1,386,10,9,44,2,2,1,0,0,0,1,0,0,0,0
1,198,16,2,18,0,1,0,0,0,1,0,0,0,0,0
1,237,14,1,14,1,0,0,0,0,0,0,0,0,0,0
1,170,8,1,8,0,0,0,0,0,0,0,0,0,0,0
1,200,10,1,10,0,0,0,0,0,0,0,0,0,0,0
0,217,16,1,16,0,0,0,1,0,0,0,0,0,0,0
0,218,2,1,2,0,0,0,0,0,0,0,0,0,0,0
1,200,16,2,18,0,0,0,0,1,1,0,0,0,0,0
1,378,2,10,56,2,1,1,1,2,1,1,1,1,1,1
1,185,16,6,32,1,0,1,2,0,1,1,0,0,0,0
1,51,18,2,26,0,0,1,0,1,0,0,0,1,0,0
1,159,32,2,40,0,0,0,0,0,1,1,0,0,0,0
1,59,22,2,30,0,1,1,0,0,0,0,0,0,0,0
1,142,12,1,12,0,0,0,0,0,0,0,0,0,0,0
0,266,12,2,18,0,1,0,0,0,0,0,0,0,0,0
1,329,14,5,24,2,1,0,1,0,0,1,0,0,0,0
1,51,12,2,20,0,0,0,0,0,0,1,0,0,0,0
0,233,10,10,56,2,0,2,0,1,0,2,0,0,0,1
0,307,36,2,44,0,0,0,0,1,0,1,0,0,0,0
0,188,16,8,48,0,0,4,2,0,0,2,0,0,0,0
0,347,16,8,42,3,0,2,2,0,1,0,0,0,0,0
1,428,16,10,76,3,1,3,0,1,1,1,1,0,1,0
0,203,8,2,14,0,0,1,0,0,0,0,0,0,0,0
1,292,6,11,62,3,0,2,0,1,0,3,0,0,0,0
1,127,10,1,10,0,0,0,0,0,0,0,0,0,0,0
0,205,4,4,26,1,0,1,0,0,1,0,0,0,0,1
1,88,4,4,26,1,0,0,1,0,0,0,0,0,0,0
1,62,14,1,14,0,0,1,0,0,0,0,0,0,0,0
1,264,16,5,30,2,1,1,0,0,0,1,1,0,0,0
1,326,16,2,24,0,0,1,1,0,0,0,0,0,0,0
0,152,12,2,14,1,0,0,0,0,0,0,0,0,0,0
1,98,6,1,6,0,0,0,0,0,0,0,0,0,0,0
1,166,2,2,8,0,0,0,0,0,0,0,0,0,0,0
0,192,34,2,40,1,1,0,0,0,0,0,0,0,0,0
1,217,2,2,4,0,0,0,0,0,0,0,0,0,0,0
0,69,10,4,22,1,0,0,1,0,0,0,0,0,0,0
1,206,22,1,22,0,0,0,0,0,0,1,0,0,0,0
1,176,8,6,30,0,0,2,0,2,0,0,0,0,0,0
0,29,16,1,16,0,0,0,1,0,0,0,0,0,0,0
1,260,16,2,20,1,0,0,0,0,1,0,0,0,0,0
0,204,12,2,14,1,0,0,0,0,0,0,0,0,0,0
0,239,20,2,28,0,0,1,0,0,0,1,0,0,0,0
1,329,16,6,38,5,0,0,0,1,0,0,0,0,0,0
1,209,14,10,42,2,0,4,2,0,1,1,0,0,0,0
1,363,12,7,46,2,0,2,1,0,0,1,2,0,0,1
1,92,6,1,6,0,0,0,0,0,0,0,0,0,0,1
0,294,12,5,34,0,0,2,0,0,1,1,0,0,0,1
1,287,30,1,30,0,0,0,0,0,0,1,0,0,0,0
1,272,14,2,16,0,0,0,0,1,0,0,0,0,0,0
0,69,12,2,18,0,0,1,0,0,0,0,0,0,0,0
0,247,10,3,18,1,0,1,0,0,0,0,1,0,0,0
1,218,4,11,50,3,0,2,1,0,1,3,0,0,0,0
1,286,2,2,4,0,0,0,0,0,0,0,0,0,0,1
1,71,16,2,20,1,0,0,0,0,0,1,0,0,0,0
1,236,2,6,20,2,0,0,0,0,0,0,0,0,0,0
0,166,14,10,50,2,2,4,0,1,1,0,0,0,0,0
1,289,6,2,8,0,0,0,0,0,0,0,0,0,0,1
0,266,10,1,10,0,0,0,0,0,0,0,0,0,0,0
1,79,14,5,26,0,1,1,0,0,1,2,0,0,0,0
0,111,4,1,4,0,0,0,0,0,0,0,0,0,0,0
1,161,6,10,60,1,1,1,1,3,2,0,0,0,0,1
0,118,8,1,8,0,0,0,0,0,0,0,0,0,0,1
1,268,2,2,10,0,0,0,0,0,0,0,0,0,0,1
0,475,4,12,70,1,2,1,1,1,2,3,0,0,0,0
0,287,4,11,62,1,0,1,0,1,1,3,0,0,0,1
1,86,30,5,52,2,0,1,0,0,1,1,0,0,0,0
0,157,16,10,36,3,1,2,2,0,0,2,1,0,0,0
1,102,28,2,30,0,1,1,0,0,0,0,1,0,0,0
1,79,10,1,10,0,0,0,0,0,0,0,0,0,0,0
0,46,16,2,24,1,0,0,0,0,0,1,0,0,0,0
1,169,14,11,40,0,3,3,2,0,2,1,0,0,0,0
0,405,16,12,78,4,0,3,2,1,0,2,1,0,0,0
1,315,16,2,18,1,1,0,0,0,0,0,0,0,0,0
1,106,12,1,12,0,0,0,0,0,0,0,0,0,0,0
1,280,16,1,16,0,0,0,0,0,0,1,0,0,0,0
1,96,16,1,16,0,0,1,0,0,0,0,0,0,0,0
1,106,4,1,4,0,0,0,0,0,0,0,0,0,0,0
1,99,22,4,32,1,0,2,0,1,0,0,0,0,0,0
0,26,26,1,26,1,0,0,0,0,0,0,0,0,0,0
0,199,22,2,28,0,0,1,0,1,0,0,0,0,0,0
0,225,12,8,42,2,0,2,0,1,0,1,1,0,0,0
1,276,12,5,26,1,1,1,1,0,0,0,0,0,0,0
1,110,4,7,30,1,0,1,1,1,1,0,0,0,0,0
1,215,16,6,34,1,0,1,1,0,2,1,0,0,0,0
1,56,16,1,16,0,0,0,0,0,1,0,0,0,0,0
1,121,8,1,8,0,0,0,0,0,0,0,0,0,0,0
1,398,12,8,50,1,1,0,0,1,1,2,0,0,0,1
0,62,30,1,30,0,0,0,0,0,0,1,0,0,0,0
1,25,34,1,34,0,1,0,0,0,0,0,0,0,0,0
0,193,14,1,14,0,0,1,0,0,0,0,0,0,0,0
1,317,14,10,42,3,1,2,1,1,1,1,0,0,0,1
0,113,16,1,16,1,0,0,0,0,0,0,0,0,0,0
1,144,30,1,30,0,0,0,1,0,0,0,0,0,0,0
0,82,30,1,30,0,0,0,1,0,0,0,0,0,0,0
1,175,14,1,14,0,0,0,0,0,0,0,0,0,0,0
1,181,8,11,48,2,0,3,2,1,2,0,0,0,0,0
1,243,2,8,48,0,0,0,1,3,2,0,0,0,0,1
1,132,6,2,10,0,0,0,0,0,0,0,0,0,0,0
1,287,26,1,26,0,1,0,0,0,0,0,0,0,0,0
1,221,4,2,6,0,0,0,0,0,0,0,0,0,0,0
1,275,16,6,38,4,1,0,1,0,0,0,0,0,0,0
1,327,18,4,36,0,1,1,1,0,0,1,0,0,0,0
1,199,20,1,20,1,0,0,0,0,0,0,0,0,0,0
0,272,12,2,14,0,0,0,0,1,0,0,0,0,0,0
0,153,18,2,22,0,0,0,0,0,0,2,0,0,0,0
1,144,16,1,16,0,0,0,0,0,0,1,0,0,0,0
1,223,12,2,16,0,0,1,0,0,0,0,0,0,0,0
1,287,4,3,16,0,1,0,0,0,0,0,0,0,0,0
1,255,8,8,50,3,1,1,0,0,0,2,0,0,0,1
1,313,10,4,22,2,0,0,0,1,0,0,0,0,0,0
1,255,8,11,40,0,0,4,1,1,1,1,1,1,1,0
1,187,6,1,6,0,0,0,0,0,0,0,0,0,0,1
1,133,14,2,22,1,0,1,0,0,0,0,0,0,0,0
1,253,2,4,14,1,0,0,0,0,0,0,0,0,0,0
1,194,10,5,34,1,0,1,0,1,0,1,0,0,0,0
1,192,16,2,20,1,0,1,0,0,0,0,1,0,0,0
1,126,6,2,8,0,0,0,0,0,0,0,0,0,0,0
1,398,34,11,82,1,1,2,2,1,0,4,0,0,0,0
1,216,16,2,24,0,0,0,0,0,1,1,0,0,0,0
0,161,2,5,18,1,0,0,0,0,0,0,0,0,0,0
1,259,32,7,72,1,0,5,0,1,0,0,1,0,0,0
1,218,14,4,30,0,2,1,0,1,0,0,1,1,0,0
1,81,30,2,32,1,0,0,0,0,0,1,0,0,0,0
1,216,2,12,52,2,0,1,1,1,1,2,0,0,0,0
1,384,4,11,68,3,0,3,1,1,0,2,0,0,0,0
0,93,10,1,10,0,0,0,0,0,0,0,0,0,0,0
0,374,12,11,34,1,1,2,1,1,0,0,0,0,0,0
1,199,14,1,14,1,0,0,0,0,0,0,0,0,0,0
0,168,16,2,20,0,0,1,0,0,1,0,0,0,1,0
1,222,14,1,14,0,0,0,1,0,0,0,0,0,0,0
1,189,18,3,32,0,1,0,0,1,1,0,0,1,0,0
1,321,32,2,38,1,0,0,0,0,1,0,0,0,0,0
1,256,14,12,54,2,1,2,3,0,2,2,0,0,0,0
1,435,28,11,64,2,1,1,4,0,2,1,0,0,0,0
0,48,4,2,8,0,0,0,0,0,0,0,0,0,0,0
1,368,14,12,74,2,0,4,3,0,2,1,2,0,2,0
1,19,24,1,24,0,0,0,0,0,1,0,0,0,0,0
1,338,14,6,30,1,0,2,1,0,1,1,0,0,0,0
0,185,12,2,16,1,0,0,0,0,0,0,0,0,0,0
1,375,4,12,30,1,2,1,1,0,0,0,0,0,0,0
1,78,16,5,38,0,0,3,0,0,0,2,1,0,0,0
1,240,34,2,40,1,0,0,0,0,1,0,0,0,0,0
1,19,14,1,14,0,0,1,0,0,0,0,0,0,0,0
1,144,4,5,22,1,0,0,0,0,0,0,0,0,0,0
0,155,16,4,26,2,0,1,1,0,0,0,0,0,0,0
0,351,14,10,46,1,1,2,2,1,2,1,1,1,1,0
0,138,14,1,14,0,0,1,0,0,0,0,0,0,0,0
0,120,6,1,6,0,0,0,0,0,0,0,0,0,0,0
1,238,10,7,24,1,1,0,0,0,1,2,0,0,0,0
1,287,10,4,22,0,0,1,1,0,0,1,0,0,0,0
1,184,32,2,38,2,0,0,0,0,0,0,0,0,0,0
1,251,24,2,28,0,0,0,0,0,2,0,0,0,0,0
1,286,12,2,14,1,0,0,0,0,0,0,0,0,0,1
0,246,8,2,16,0,0,1,0,0,0,0,0,0,0,0
1,349,8,11,64,5,1,2,0,1,1,0,2,0,0,0
1,236,4,1,4,0,0,0,0,0,0,0,0,0,0,0
1,237,6,5,30,1,0,0,0,0,0,1,0,0,0,0
1,90,26,1,26,0,0,0,1,0,0,0,0,0,0,0
1,214,28,2,34,0,0,1,0,0,1,0,0,0,0,0
1,278,16,12,54,4,3,3,0,0,1,1,0,0,0,0
0,286,12,9,58,4,1,3,0,0,0,0,0,0,0,0
0,292,34,2,36,1,0,1,0,0,0,0,0,0,0,0
1,265,28,1,28,0,0,1,0,0,0,0,0,0,0,0
1,142,14,8,58,1,1,2,1,1,1,1,0,0,0,0
1,268,4,1,4,0,0,0,0,0,0,0,0,0,0,1
1,265,8,2,14,0,0,1,0,0,0,0,0,0,0,0
1,315,2,5,28,1,0,1,0,1,0,0,1,0,0,1
1,269,14,10,64,0,0,1,2,1,3,2,0,0,0,1
1,25,4,1,4,0,0,0,0,0,0,0,0,0,0,0
1,215,10,1,10,0,0,0,0,0,0,0,0,0,0,0
1,275,2,5,22,0,0,1,0,0,0,0,0,0,0,1
1,153,12,1,12,0,0,0,0,0,0,0,0,0,0,0
0,138,16,2,18,0,0,0,0,0,1,1,0,0,0,0
0,324,12,10,48,1,1,2,4,1,0,0,2,0,0,0
1,287,10,2,12,0,0,0,0,0,0,0,0,0,0,0
1,114,30,4,38,0,1,1,0,1,1,0,0,0,0,0
0,299,4,2,8,0,0,0,0,0,0,0,0,0,0,1
1,195,2,2,6,0,0,0,0,0,0,0,0,0,0,0
1,361,6,12,44,1,0,1,0,1,2,1,1,0,1,1
1,279,8,1,8,0,0,0,0,0,0,0,0,0,0,0
1,216,14,9,66,1,1,3,1,0,1,2,0,0,0,0
1,289,10,11,72,1,1,1,1,3,2,0,0,0,0,0
1,438,8,12,32,2,1,1,0,1,0,3,0,0,0,1
1,397,10,10,64,1,1,1,0,2,2,0,0,0,0,0
0,284,6,4,16,1,1,0,0,0,0,0,0,0,0,0
1,56,2,1,2,0,0,0,0,0,0,0,0,0,0,0
1,146,12,2,18,0,1,0,0,0,0,0,0,0,0,0
1,160,14,2,16,1,0,0,0,0,0,0,0,0,0,0
1,313,12,1,12,0,0,0,0,0,0,0,0,0,0,0
1,278,32,2,40,1,0,0,0,0,1,0,0,0,0,0
1,278,12,1,12,0,0,0,0,0,0,0,0,0,0,0
1,259,8,5,20,0,0,0,1,0,0,2,0,0,0,0
1,35,32,1,32,1,0,0,0,0,0,0,0,0,0,0
0,300,12,10,52,1,3,1,1,1,0,2,0,0,0,0
1,307,16,10,40,1,1,5,2,0,0,1,0,0,0,0
0,47,34,1,34,0,0,0,1,0,0,0,0,0,0,0
1,120,22,4,46,0,0,2,1,0,1,0,1,0,0,0
1,262,12,4,30,0,0,1,0,1,0,1,0,0,0,0
1,303,8,9,50,2,1,0,2,2,0,0,0,1,0,0
1,280,10,7,32,1,0,1,1,0,1,0,0,0,0,0
1,223,2,2,10,0,0,0,0,0,0,0,0,0,0,0
1,294,10,12,58,4,1,4,0,0,0,2,0,0,0,0
1,349,14,9,50,0,0,1,2,2,0,3,0,1,0,0
1,164,2,6,20,0,0,1,0,0,0,0,0,0,0,0
1,165,14,1,14,0,1,0,0,0,0,0,0,0,0,0
1,319,12,8,28,1,0,1,1,2,0,0,0,1,0,0
0,263,12,11,68,2,1,1,1,3,0,2,0,0,0,1
1,195,12,10,68,2,3,0,2,2,0,0,0,0,0,0
0,55,28,2,36,0,1,1,0,0,0,0,0,0,0,0
1,218,26,1,26,1,0,0,0,0,0,0,0,0,0,0
1,348,12,4,26,1,0,0,1,0,0,1,0,0,0,0
1,207,26,6,58,2,0,0,0,2,1,1,0,1,1,1
1,396,16,12,62,5,0,2,3,0,0,2,1,0,0,0
0,84,2,1,2,0,0,0,0,0,0,0,0,0,0,0
1,325,16,2,20,1,1,0,0,0,0,0,0,0,0,0
1,208,14,8,60,1,2,2,0,1,0,2,0,0,0,0
1,290,2,9,22,1,1,1,0,0,1,0,1,0,0,0
1,275,24,2,28,1,0,0,0,0,1,0,0,0,0,0
0,264,10,7,44,0,0,2,0,1,1,1,1,1,1,0
0,54,22,1,22,0,0,1,0,0,0,0,0,0,0,0
0,192,16,2,20,0,0,0,0,2,0,0,0,0,0,1
1,189,10,1,10,0,0,0,0,0,0,0,0,0,0,1
1,178,8,1,8,0,0,0,0,0,0,0,0,0,0,0
1,291,14,5,34,3,0,0,0,0,0,2,0,0,0,0
1,191,8,2,12,0,0,0,0,0,0,0,0,0,0,0
1,323,16,6,50,0,0,2,1,0,0,3,1,0,0,0
1,143,4,6,38,2,0,1,1,0,1,0,0,0,0,0
1,152,34,5,60,1,1,1,1,0,0,1,0,0,0,0
1,33,28,2,36,0,0,0,0,0,0,2,0,0,0,0
1,365,6,10,30,1,1,1,1,1,0,0,0,1,0,0
0,211,28,5,48,1,1,0,1,1,0,1,0,1,0,0
1,204,8,1,8,0,0,0,0,0,0,0,0,0,0,0
1,289,24,2,26,0,1,0,0,0,0,1,0,0,0,0
1,341,6,9,50,2,0,2,1,0,1,1,1,0,0,0
1,300,16,2,22,0,1,1,0,0,0,0,1,0,0,0
1,185,10,8,42,1,1,2,1,1,1,0,1,0,1,0
1,223,16,8,50,1,2,2,1,0,2,0,0,0,0,1
1,140,8,9,54,1,0,2,1,1,1,2,0,0,0,1
0,265,26,2,30,1,0,0,1,0,0,0,0,0,0,0
1,125,18,1,18,0,0,1,0,0,0,0,0,0,0,0
0,148,2,1,2,0,0,0,0,0,0,0,0,0,0,0
1,236,10,3,20,0,0,1,1,0,0,0,0,0,0,0
1,104,8,2,16,0,0,1,0,0,0,0,0,0,0,0
1,58,16,1,16,0,0,0,1,0,0,0,0,0,0,0
1,111,10,1,10,0,0,0,0,0,0,0,0,0,0,0
0,212,12,1,12,0,0,0,0,0,0,0,0,0,0,0
1,185,2,6,28,0,0,1,1,0,1,0,0,0,0,1
1,29,4,1,4,0,0,0,0,0,0,0,0,0,0,0
0,194,20,1,20,1,0,0,0,0,0,0,0,0,0,0
0,132,18,2,20,0,0,1,0,0,0,1,0,0,0,0
1,288,16,2,18,0,2,0,0,0,0,0,0,0,0,0
1,294,12,12,64,2,1,3,2,0,1,2,1,0,0,0
1,170,8,2,10,0,0,0,0,0,0,0,0,0,0,0
0,46,14,2,16,1,0,1,0,0,0,0,1,0,0,1
1,201,10,1,10,0,0,0,0,0,0,0,0,0,0,0
1,130,14,2,22,0,0,1,1,0,0,0,0,0,0,0
1,88,4,2,12,0,0,0,0,0,0,0,0,0,0,0
1,277,4,2,12,0,0,0,0,0,0,0,0,0,0,1
1,222,14,9,50,2,1,1,1,0,4,0,0,0,0,1
0,28,10,1,10,0,0,0,0,0,0,0,0,0,0,0
0,308,20,1,20,0,0,0,0,0,0,1,0,0,0,0
0,221,10,7,24,2,0,1,1,1,1,0,1,1,1,0
1,55,10,2,18,1,0,0,0,0,0,0,0,0,0,0
0,189,10,10,56,4,0,1,3,1,0,0,1,0,0,0
1,221,16,3,30,0,0,2,0,0,0,1,1,0,0,0
1,196,14,2,22,0,0,0,2,0,0,0,0,0,0,0
0,300,6,1,6,0,0,0,0,0,0,0,0,0,0,0
1,171,14,11,58,1,1,3,1,2,1,2,0,0,0,1
1,142,32,1,32,1,0,0,0,0,0,0,0,0,0,0
1,108,10,4,30,1,0,0,0,0,1,1,0,0,0,0
1,304,32,1,32,0,0,0,0,1,0,0,0,0,0,0
0,443,12,11,66,3,1,2,1,0,1,2,0,0,0,1
1,196,14,1,14,0,0,0,1,0,0,0,0,0,0,0
1,246,8,1,8,0,0,0,0,0,0,0,0,0,0,0
1,283,4,2,8,0,0,0,0,0,0,0,0,0,0,0
0,101,16,2,20,0,0,1,0,0,1,0,0,0,0,0
1,97,4,2,6,0,0,0,0,0,0,0,0,0,0,0
0,75,4,2,12,0,0,0,0,0,0,0,0,0,0,0
1,43,12,1,12,0,0,0,0,0,0,0,0,0,0,0
1,359,10,12,76,1,2,2,2,0,2,1,0,0,0,0
1,369,10,6,44,1,1,0,0,0,2,1,0,0,0,0
1,48,10,1,10,0,0,0,0,0,0,0,0,0,0,0
1,81,16,1,16,1,0,0,0,0,0,0,0,0,0,0
0,206,6,11,70,0,1,3,2,0,2,2,2,0,1,1
0,379,22,11,80,1,2,3,2,1,0,2,0,0,0,0
1,155,12,1,12,0,0,0,0,0,0,0,0,0,0,0
0,157,16,1,16,0,1,0,0,0,0,0,0,0,0,1
0,285,6,11,72,2,0,1,1,0,0,2,0,0,0,0
0,329,10,2,14,0,0,0,0,0,1,0,0,0,0,1
1,323,2,8,34,1,0,0,2,1,1,2,0,1,1,0
1,273,12,1,12,0,0,0,0,0,0,0,0,0,0,0
0,401,16,8,54,1,0,2,1,0,2,2,1,0,1,0
1,364,16,10,48,1,1,3,2,1,1,1,1,0,0,0
1,119,14,2,18,0,0,1,1,0,0,0,0,0,0,0
0,216,22,1,22,0,0,0,0,0,1,0,0,0,0,0
0,242,4,1,4,0,0,0,0,0,0,0,0,0,0,0
1,128,4,3,12,0,0,0,0,0,0,0,0,0,0,1
1,341,14,7,38,1,0,0,0,0,2,3,0,0,0,1
1,355,2,12,68,2,1,1,2,1,1,1,1,1,1,0
1,63,16,1,16,0,0,0,1,0,0,0,0,0,0,0
1,32,8,2,16,1,0,0,0,0,0,0,0,0,0,0
0,328,10,2,16,0,0,1,0,0,0,0,0,0,0,0
1,170,14,1,14,1,0,0,0,0,0,0,0,0,0,0
1,173,16,2,20,1,1,0,0,0,0,0,0,0,0,0
1,200,10,2,18,0,0,1,0,0,0,0,0,0,0,0
1,263,16,1,16,0,0,1,0,0,0,0,0,0,0,0
1,204,2,2,10,0,0,0,0,0,0,0,0,0,0,0
0,157,10,7,36,0,1,4,0,1,0,0,1,0,0,0
1,372,4,9,34,2,2,2,0,0,0,1,1,0,0,0
0,211,28,8,68,1,2,1,4,0,0,0,0,0,0,0
1,205,16,5,30,0,0,2,2,1,0,0,1,0,0,0
1,208,36,1,36,0,0,1,0,0,0,0,0,0,0,0
1,253,10,4,20,1,0,0,0,0,1,0,0,0,0,1
0,189,16,2,20,0,0,1,1,0,0,0,0,0,0,0
1,18,6,1,6,0,0,0,0,0,0,0,0,0,0,0
1,114,10,1,10,0,0,0,0,0,0,0,0,0,0,0
1,160,8,3,20,2,0,0,0,0,0,0,0,0,0,0
0,101,12,2,16,0,0,1,0,0,0,0,0,0,0,0
0,171,2,1,2,0,0,0,0,0,0,0,0,0,0,0
1,326,14,2,22,0,1,0,0,1,0,0,0,0,0,0
1,49,36,1,36,0,0,0,0,0,1,0,0,0,0,0
1,235,10,1,10,0,0,0,0,0,0,0,0,0,0,0
1,141,4,6,36,0,2,0,0,0,1,0,0,0,0,1
1,192,12,2,20,0,0,1,0,0,0,0,0,0,0,0
1,172,6,1,6,0,0,0,0,0,0,0,0,0,0,1
1,311,12,10,66,1,2,1,1,0,1,2,0,0,0,0
0,293,28,3,36,1,0,0,2,0,0,0,0,0,0,0
0,218,12,1,12,0,0,0,0,0,0,0,0,0,0,0
1,311,24,1,24,0,0,1,0,0,0,0,0,0,0,0
1,134,24,2,28,1,1,0,0,0,0,0,0,0,0,0
1,51,4,1,4,0,0,0,0,0,0,0,0,0,0,0
1,26,8,1,8,0,0,0,0,0,0,0,0,0,0,0
1,249,12,1,12,0,0,0,0,0,0,0,0,0,0,0
0,344,6,3,18,0,1,0,0,0,0,1,0,0,0,1
1,325,8,2,16,0,0,0,0,0,1,0,0,0,0,0
1,43,12,1,12,0,0,0,0,0,0,0,0,0,0,0
1,376,10,10,54,1,2,3,1,2,0,0,0,0,0,0
1,198,12,6,30,1,0,1,1,0,1,1,0,0,0,0
1,202,10,12,60,2,1,1,2,1,2,2,0,0,0,0
1,86,8,1,8,0,0,0,0,0,0,0,0,0,0,0
1,31,2,2,6,0,0,0,0,0,0,0,0,0,0,1
0,223,28,9,70,3,0,2,2,0,1,1,2,0,1,0
1,384,8,12,40,3,2,3,0,1,0,1,0,0,0,0
1,18,14,1,14,0,0,0,0,0,1,0,0,0,0,0
0,179,16,10,36,4,0,1,2,1,1,1,0,0,0,0
0,284,16,1,16,1,0,0,0,0,0,0,0,0,0,0
1,425,26,9,72,2,1,3,0,3,0,0,0,0,0,0
0,184,2,7,32,0,1,1,1,1,1,0,0,0,0,1
1,172,30,7,48,1,0,2,1,0,1,2,0,0,0,0
1,444,36,12,62,3,3,2,0,1,1,2,2,0,0,0
0,238,14,7,28,2,1,0,2,1,1,0,0,0,0,0
1,361,6,8,40,2,0,0,1,1,2,0,0,0,0,0
1,194,12,1,12,0,0,0,0,0,0,0,0,0,0,0
1,180,12,3,22,0,0,1,0,0,0,0,0,0,0,0
0,266,10,8,50,0,1,2,1,1,1,1,0,0,0,1
1,219,8,1,8,0,0,0,0,0,0,0,0,0,0,0
1,304,6,1,6,0,0,0,0,0,0,0,0,0,0,1
1,31,8,2,12,0,0,0,0,0,0,0,0,0,0,0
1,114,2,3,14,1,0,0,0,0,0,0,0,0,0,0
1,142,14,9,66,2,1,2,1,0,2,1,0,0,0,0
1,129,26,5,44,0,0,1,0,1,0,3,1,1,0,0
1,260,14,1,14,0,0,1,0,0,0,0,0,0,0,0
1,416,8,11,36,1,0,4,1,1,0,0,1,1,0,1
1,80,28,1,28,0,0,0,0,0,0,1,0,0,0,0
1,367,16,5,38,0,1,3,0,0,1,0,1,0,0,0
1,229,4,1,4,0,0,0,0,0,0,0,0,0,0,0
0,379,26,9,52,3,1,1,1,0,1,2,0,0,0,0
1,188,18,2,26,0,1,0,0,1,0,0,0,1,0,0
1,291,6,1,6,0,0,0,0,0,0,0,0,0,0,0
1,226,6,1,6,0,0,0,0,0,0,0,0,0,0,0
1,265,16,2,20,0,0,1,1,0,0,0,0,0,0,0
1,216,14,1,14,0,0,0,1,0,0,0,0,0,0,0
1,357,10,10,56,2,0,2,0,2,1,2,0,0,0,0
1,124,14,1,14,1,0,0,0,0,0,0,0,0,0,0
1,159,14,2,16,0,2,0,0,0,0,0,0,0,0,0
0,106,16,1,16,0,0,0,1,0,0,0,0,0,0,0
1,207,2,5,18,0,1,2,0,0,0,0,1,0,0,0
1,171,26,2,32,1,0,0,0,1,0,0,0,0,0,0
1,338,10,6,38,0,0,1,2,0,1,1,0,0,0,0
0,262,14,1,14,0,0,0,0,0,1,0,0,0,0,0
1,192,14,9,62,1,1,2,0,3,1,1,1,2,1,1
1,196,2,4,10,0,0,0,0,0,0,0,0,0,0,0
1,181,12,4,28,1,0,2,0,0,0,0,0,0,0,0
0,209,10,12,50,3,0,3,1,1,0,1,0,0,0,0
1,52,8,2,10,0,0,0,0,0,0,0,0,0,0,0
1,196,14,12,58,1,2,2,3,1,0,2,0,0,0,0
1,161,10,2,18,0,1,0,0,0,0,0,0,0,0,0
1,147,14,7,44,1,0,3,0,2,0,1,0,0,0,0
1,200,12,12,36,4,1,1,1,0,3,1,0,0,2,0
1,177,4,2,8,0,0,0,0,0,0,0,0,0,0,0
1,112,14,1,14,0,0,0,1,0,0,0,0,0,0,0
1,235,6,2,10,0,0,0,0,0,0,0,0,0,0,0
1,210,22,2,28,0,0,1,1,0,0,0,0,0,0,0
1,212,22,1,22,0,0,1,0,0,0,0,0,0,0,0
1,240,12,2,16,0,1,0,0,0,0,0,0,0,0,0
1,120,8,1,8,0,0,0,0,0,0,0,0,0,0,0
0,194,32,2,40,1,0,1,0,0,0,0,0,0,0,0
1,367,12,11,70,4,1,3,0,0,0,2,0,0,0,0
1,228,4,2,10,0,0,0,0,0,0,0,0,0,0,0
1,55,12,1,12,0,0,0,0,0,0,0,0,0,0,0
1,337,16,9,62,2,0,3,0,1,1,2,1,0,0,0
1,62,10,1,10,0,0,0,0,0,0,0,0,0,0,0
1,190,8,2,14,0,0,1,0,0,0,0,0,0,0,0
1,135,10,5,24,0,0,1,0,1,0,1,0,1,0,0
1,206,36,2,44,1,0,0,1,0,0,0,0,0,0,0
0,260,32,6,44,3,3,0,0,0,0,0,0,0,0,0
1,137,10,5,26,0,0,1,1,2,0,0,1,1,0,0
1,188,10,8,38,0,0,5,1,0,1,0,0,0,0,0
1,347,16,6,50,0,3,0,0,0,0,3,0,0,0,0
0,224,10,1,10,0,0,0,0,0,0,0,0,0,0,1
1,222,34,9,54,1,0,4,2,1,0,1,0,0,0,0
1,240,22,1,22,0,0,0,1,0,0,0,0,0,0,0
1,229,16,1,16,0,0,0,0,0,0,1,0,0,0,1
0,61,14,2,22,1,0,1,0,0,0,0,0,0,0,0
1,221,16,2,24,1,0,1,0,0,0,0,0,0,0,0
1,244,6,10,40,2,0,1,1,2,0,1,0,0,0,0
1,293,16,4,34,1,0,1,1,1,0,0,1,1,0,0
1,256,14,2,20,1,0,1,0,0,0,0,0,0,0,0
1,164,12,5,32,0,0,1,0,0,1,2,1,0,1,1
1,184,16,1,16,1,0,0,0,0,0,0,0,0,0,0
0,96,28,1,28,0,0,0,0,0,0,1,0,0,0,0
0,16,14,1,14,0,0,0,0,0,1,0,0,0,0,0
1,314,18,2,26,0,0,1,0,1,0,0,0,1,0,0
1,422,4,10,54,4,1,1,0,1,1,1,0,0,0,0
1,120,10,1,10,0,0,0,0,0,0,0,0,0,0,0
0,281,14,11,58,2,0,3,3,0,2,1,0,0,0,0
0,174,8,1,8,0,0,0,0,0,0,0,0,0,0,0
0,291,8,2,12,0,0,0,0,0,0,0,0,0,0,0
1,35,18,1,18,1,0,0,0,0,0,0,0,0,0,0
0,201,28,8,62,0,2,3,0,2,0,1,0,0,0,0
0,429,22,11,78,2,1,1,0,2,3,2,0,0,0,0
1,252,10,11,38,0,2,3,0,1,1,2,0,0,0,1
0,253,8,8,30,2,1,0,0,0,1,2,0,0,0,0
1,161,6,3,18,0,0,0,1,0,0,1,0,0,0,0
1,301,2,2,4,0,0,0,0,0,0,0,0,0,0,0
0,393,12,12,36,4,0,3,0,1,2,1,1,1,1,0
1,254,10,9,54,1,1,3,0,0,2,1,1,0,1,0
1,62,2,1,2,0,0,0,0,0,0,0,0,0,0,0
0,40,14,2,16,1,0,0,1,0,0,0,0,0,0,0
1,96,32,2,40,0,1,0,1,0,0,0,0,0,0,0
1,214,12,11,40,2,1,1,2,2,1,1,0,0,0,0
1,174,16,2,24,1,0,0,1,0,0,0,0,0,0,0
0,382,16,6,38,1,3,1,0,0,0,1,1,0,0,0
1,302,26,2,30,1,0,1,0,0,0,0,0,0,0,0
1,340,16,4,24,0,0,2,0,0,2,0,1,0,1,0
0,83,30,2,36,0,0,2,0,0,0,0,0,0,0,0
1,235,14,4,22,0,0,1,0,1,1,1,0,0,0,0
0,127,12,2,20,0,0,1,0,0,0,0,0,0,0,0
0,167,12,2,18,0,0,0,0,0,0,1,0,0,0,0
1,367,4,10,40,0,2,0,4,1,0,1,0,0,0,0
1,303,14,1,14,0,0,0,0,0,1,0,0,0,0,0
1,375,8,8,52,2,1,0,1,1,1,0,0,0,0,0
0,326,8,10,36,3,0,2,2,2,0,0,0,0,0,0
0,162,26,2,30,0,0,0,0,1,0,1,0,0,0,0
1,235,2,8,44,1,0,2,0,0,0,0,0,0,0,0
1,274,32,2,36,1,0,1,0,0,0,0,0,0,0,0
0,121,2,1,2,0,0,0,0,0,0,0,0,0,0,0
0,91,34,1,34,1,0,0,0,0,0,0,0,0,0,0
1,199,10,11,34,1,2,4,1,1,0,0,1,0,0,0
1,316,8,2,16,1,0,0,0,0,0,0,0,0,0,0
1,166,32,9,68,3,0,2,1,1,1,1,0,0,0,0
1,239,16,1,16,0,0,0,1,0,0,0,0,0,0,0
0,233,10,2,18,1,0,0,0,0,0,0,0,0,0,0
1,235,22,2,28,0,0,0,0,2,0,0,0,0,0,1
1,138,8,2,14,0,0,0,0,0,0,0,0,0,0,0
0,190,2,8,32,1,1,0,1,1,0,0,0,0,0,0
1,278,12,2,18,0,0,1,0,0,0,0,0,0,0,0
1,79,2,1,2,0,0,0,0,0,0,0,0,0,0,0
1,18,10,1,10,0,0,0,0,0,0,0,0,0,0,0
1,277,10,1,10,0,0,0,0,0,0,0,0,0,0,0
1,249,12,3,20,1,0,0,1,0,0,0,0,0,0,0
0,148,12,1,12,0,0,0,0,0,0,0,0,0,0,0
1,348,14,9,48,1,0,4,1,1,1,1,2,1,1,0
0,251,2,4,24,0,0,1,0,0,0,0,0,0,0,0
1,210,28,1,28,0,0,1,0,0,0,0,0,0,0,0
1,88,30,2,38,0,1,0,0,0,1,0,0,0,0,0
1,49,2,1,2,0,0,0,0,0,0,0,0,0,0,0
0,124,14,5,42,2,0,0,0,0,1,1,0,0,1,0
0,354,16,12,74,1,1,4,1,0,3,2,0,0,0,1
1,106,6,1,6,0,0,0,0,0,0,0,0,0,0,0
1,140,8,1,8,0,0,0,0,0,0,0,0,0,0,0
0,210,2,1,2,0,0,0,0,0,0,0,0,0,0,1
1,195,4,1,4,0,0,0,0,0,0,0,0,0,0,0
1,104,8,1,8,0,0,0,0,0,0,0,0,0,0,0
1,192,12,1,12,0,0,0,0,0,0,0,0,0,0,1
1,133,16,2,18,0,0,1,0,0,1,0,0,0,1,0
1,149,34,2,36,0,0,1,1,0,0,0,0,0,0,0
1,171,12,2,14,1,0,0,0,0,0,0,0,0,0,0
1,230,32,2,38,0,0,0,0,0,1,1,0,0,0,0
1,219,14,2,20,2,0,0,0,0,0,0,0,0,0,0
1,426,32,9,58,3,1,3,1,1,0,0,0,0,0,0
0,74,6,1,6,0,0,0,0,0,0,0,0,0,0,0
1,284,34,2,38,0,0,1,1,0,0,0,0,0,0,0
1,248,30,12,78,6,1,1,3,0,1,0,0,0,0,0
1,174,10,8,44,1,1,0,2,1,1,0,0,0,0,0
1,196,14,1,14,1,0,0,0,0,0,0,0,0,0,0
1,36,8,1,8,0,0,0,0,0,0,0,0,0,0,0
1,424,24,9,58,1,0,4,1,0,1,2,2,0,0,0
0,245,20,2,22,0,0,1,0,0,1,0,0,0,0,0
1,226,10,1,10,0,0,0,0,0,0,0,0,0,0,0
0,418,16,10,72,5,0,2,0,2,1,0,1,2,0,0
0,381,8,7,38,2,0,1,1,0,1,1,0,0,0,0
1,239,34,12,99,1,2,4,2,0,1,2,0,0,0,0
1,154,6,2,14,0,0,1,0,0,0,0,0,0,0,0
1,306,32,2,38,0,1,1,0,0,0,0,0,0,0,0
1,240,10,11,74,2,0,3,0,1,2,2,0,0,0,1
0,80,12,1,12,0,0,0,0,0,0,0,0,0,0,0
1,72,12,2,18,0,0,1,0,0,0,0,0,0,0,0
1,76,32,2,40,0,1,0,1,0,0,0,0,0,0,0
0,175,16,2,20,0,0,0,1,0,0,1,0,0,0,0
1,276,14,11,42,4,0,3,2,0,1,1,1,0,1,1
1,197,22,1,22,0,0,0,0,0,1,0,0,0,0,0
0,159,14,2,20,1,0,0,1,0,0,0,0,0,0,0
1,68,14,2,20,0,0,0,0,2,0,0,0,0,0,0
1,179,10,9,54,1,1,1,2,1,1,1,0,0,0,0
1,149,16,4,26,2,0,1,1,0,0,0,0,0,0,0
1,93,28,1,28,0,0,1,0,0,0,0,0,0,0,0
1,44,20,1,20,0,0,0,0,0,1,0,0,0,0,0
1,125,28,1,28,0,1,0,0,0,0,0,0,0,0,0
0,297,12,9,62,3,0,1,2,0,0,2,0,0,0,0
0,114,2,1,2,0,0,0,0,0,0,0,0,0,0,0
1,137,6,1,6,0,0,0,0,0,0,0,0,0,0,0
0,197,2,11,34,2,0,3,1,0,1,0,0,0,0,0
1,162,8,5,32,1,1,0,0,0,0,0,0,0,0,0
1,17,6,1,6,0,0,0,0,0,0,0,0,0,0,0
1,99,2,2,6,0,0,0,0,0,0,0,0,0,0,0
1,206,2,9,34,3,1,2,0,1,0,0,1,1,0,0
1,165,16,1,16,0,1,0,0,0,0,0,0,0,0,1
0,151,14,6,32,0,0,3,2,0,0,1,1,0,0,0
1,291,12,11,34,2,0,0,0,2,1,5,0,0,0,1
1,230,22,2,26,1,0,0,0,0,0,1,0,0,0,0
1,56,14,1,14,0,0,0,0,0,0,0,0,0,0,0
0,76,12,4,36,1,1,0,1,0,0,0,0,0,0,0
1,229,2,2,8,0,0,0,0,0,0,0,0,0,0,0
1,212,12,2,16,0,1,0,0,0,0,0,0,0,0,0
1,376,12,7,38,0,1,2,2,0,1,0,1,0,1,0
1,233,8,12,36,2,1,1,1,1,0,0,0,0,0,0
1,76,4,3,10,0,0,0,0,0,0,0,0,0,0,0
1,274,6,10,28,2,0,1,0,2,1,0,1,1,1,0
1,258,4,2,8,0,0,0,0,0,0,0,0,0,0,0
1,96,32,2,38,1,0,0,0,0,0,1,0,0,0,0
1,164,14,1,14,0,1,0,0,0,0,0,0,0,0,0
1,213,14,11,44,1,1,2,4,0,2,1,0,0,0,0
1,102,2,6,16,2,1,0,0,0,0,0,0,0,0,0
1,298,10,4,28,1,0,1,0,0,1,0,0,0,0,0
0,95,14,1,14,0,0,1,0,0,0,0,0,0,0,0
0,284,34,4,44,0,2,0,1,0,0,1,0,0,0,0
1,233,16,1,16,1,0,0,0,0,0,0,0,0,0,0
1,285,2,1,2,0,0,0,0,0,0,0,0,0,0,0
0,45,30,2,38,0,1,0,1,0,0,0,0,0,0,0
1,333,32,9,76,4,0,0,0,1,3,1,0,0,0,0
1,271,16,11,82,1,1,3,1,1,2,2,0,0,0,0
1,67,28,1,28,0,0,1,0,0,0,0,0,0,0,0
0,323,12,2,20,1,0,0,0,0,0,0,0,0,0,0
0,303,16,1,16,0,0,1,0,0,0,0,0,0,0,0
1,214,30,3,44,0,1,1,1,0,0,0,1,0,0,0
1,288,14,2,16,0,0,0,0,2,0,0,0,0,0,0
0,308,20,2,24,1,0,0,0,0,0,1,0,0,0,0
0,245,16,1,16,0,0,0,0,1,0,0,0,0,0,0
1,303,8,5,36,2,1,1,0,0,0,0,0,0,0,0
1,278,2,2,6,0,0,0,0,0,0,0,0,0,0,0
1,23,18,1,18,1,0,0,0,0,0,0,0,0,0,0
1,283,10,2,16,1,0,0,0,0,0,0,0,0,0,0
1,260,14,3,26,0,1,1,1,0,0,0,0,0,0,1
1,146,12,1,12,0,0,0,0,0,0,0,0,0,0,0
0,55,14,1,14,0,0,1,0,0,0,0,0,0,0,0
1,309,4,1,4,0,0,0,0,0,0,0,0,0,0,0
1,182,4,4,26,0,0,1,0,0,0,1,0,0,0,0
0,261,4,2,10,0,0,0,0,0,0,0,0,0,0,0
0,267,22,1,22,1,0,0,0,0,0,0,0,0,0,0
1,163,18,4,28,0,0,1,0,2,0,1,0,0,0,0
1,139,2,2,10,0,0,0,0,0,0,0,0,0,0,0
0,291,12,12,62,2,1,3,2,1,0,0,0,0,0,0
1,234,34,2,36,1,0,0,0,0,0,1,0,0,0,0
1,31,10,2,12,0,0,0,0,0,0,0,0,0,0,0
0,117,8,2,12,0,0,0,0,0,0,0,0,0,0,0
1,428,10,12,40,3,1,1,0,2,3,1,0,0,0,0
1,158,4,2,10,0,0,0,0,0,0,0,0,0,0,0
1,268,2,1,2,0,0,0,0,0,0,0,0,0,0,0
0,213,22,1,22,0,0,0,0,1,0,0,0,0,0,0
0,61,6,2,14,0,1,0,0,0,0,0,0,0,0,0
1,96,18,2,20,0,0,0,1,0,0,1,0,0,0,1
1,217,30,1,30,0,1,0,0,0,0,0,0,0,0,0
0,29,10,1,10,0,0,0,0,0,0,0,0,0,0,0
0,326,28,2,30,1,0,1,0,0,0,0,0,0,0,0
1,100,4,2,12,0,0,0,0,0,0,0,0,0,0,0
1,359,4,7,42,1,0,2,1,1,0,0,0,0,0,0
0,25,4,1,4,0,0,0,0,0,0,0,0,0,0,0
1,181,10,2,18,1,0,0,0,0,0,0,0,0,0,0
1,221,28,5,42,2,1,1,0,0,0,1,0,0,0,0
0,223,10,9,42,1,1,1,1,0,1,0,0,0,0,0
0,145,2,1,2,0,0,0,0,0,0,0,0,0,0,1
1,179,26,2,32,0,1,0,0,1,0,0,0,0,0,0
1,301,22,2,30,0,0,1,0,1,0,0,0,0,0,0
1,325,14,2,20,1,0,0,0,0,0,0,0,0,0,0
1,153,16,10,64,1,2,2,2,1,1,1,0,0,0,0
1,142,10,2,16,0,0,0,0,1,0,0,0,0,0,1
1,393,6,8,54,0,0,3,0,1,0,3,2,0,0,0
0,172,32,2,38,1,0,0,0,0,1,0,0,0,0,1
1,194,14,2,18,0,0,1,0,1,0,0,0,0,0,0
0,70,2,2,10,0,0,0,0,0,0,0,0,0,0,0
1,309,18,2,26,1,0,0,0,0,1,0,0,0,0,0
1,368,4,11,66,3,0,2,2,0,1,2,0,0,0,0
1,365,2,6,26,0,0,0,2,0,0,0,0,0,0,0
0,106,2,2,6,0,0,0,0,0,0,0,0,0,0,1
0,158,8,1,8,0,0,0,0,0,0,0,0,0,0,0
1,226,4,1,4,0,0,0,0,0,0,0,0,0,0,0
1,187,4,2,12,0,0,0,0,0,0,0,0,0,0,0
0,134,20,1,20,0,0,0,1,0,0,0,0,0,0,0
1,188,2,1,2,0,0,0,0,0,0,0,0,0,0,0
1,375,22,9,48,3,0,2,0,1,2,1,0,0,0,0
1,292,12,2,14,0,1,0,0,0,0,0,0,0,0,0
0,260,6,5,32,1,0,0,0,1,1,0,0,0,0,1
1,83,12,1,12,0,0,0,0,0,0,0,0,0,0,0
1,135,16,1,16,0,0,1,0,0,0,0,0,0,0,0
1,330,14,10,64,0,0,2,2,1,0,4,0,0,0,0
1,155,34,5,46,4,0,1,0,0,0,0,0,0,0,0
1,219,32,2,40,0,0,1,0,0,0,1,0,0,0,0
0,381,10,9,44,4,0,0,1,1,1,1,0,0,0,0
1,237,16,1,16,0,0,0,1,0,0,0,0,0,0,0
0,417,14,11,70,1,1,3,0,2,3,1,0,0,0,1
1,63,14,1,14,0,0,1,0,0,0,0,0,0,0,0
1,127,8,2,16,0,0,1,0,0,0,0,0,0,0,0
1,269,16,1,16,0,0,0,0,0,1,0,0,0,0,1
0,44,16,1,16,0,0,0,1,0,0,0,0,0,0,0
1,48,22,2,24,1,0,0,0,0,0,1,0,0,0,0
1,114,10,2,16,1,0,0,0,0,0,0,0,0,0,0
1,62,14,1,14,0,0,0,0,1,0,0,0,0,0,0
1,180,36,2,42,0,0,0,1,0,0,1,0,0,0,0
0,304,4,10,32,3,0,1,1,2,1,0,0,1,1,1
1,30,14,2,18,1,0,0,0,0,0,0,0,0,0,1
1,35,16,2,20,0,0,1,1,0,0,0,0,0,0,0
1,442,18,11,42,6,1,4,0,0,0,0,1,0,0,0
0,338,14,7,52,3,0,3,0,0,0,1,1,0,0,0
0,245,36,6,60,2,0,1,1,0,1,1,0,0,0,0
1,134,6,2,14,0,1,0,0,0,0,0,0,0,0,0
1,287,24,2,26,0,0,2,0,0,0,0,1,0,0,0
1,218,4,2,8,0,0,0,0,0,0,0,0,0,0,0
0,62,10,2,12,0,0,0,0,0,0,0,0,0,0,0
1,222,10,1,10,0,0,0,0,0,0,0,0,0,0,0
1,218,16,2,22,0,0,1,0,0,0,1,0,0,0,0
1,462,22,11,86,0,1,2,4,0,3,1,1,0,1,1
0,174,16,9,56,2,0,2,3,1,0,1,1,0,0,0
1,90,4,1,4,0,0,0,0,0,0,0,0,0,0,0
0,261,12,3,28,0,1,0,0,0,0,0,0,0,0,0
1,207,14,2,18,0,0,1,0,1,0,0,0,0,0,0
1,433,28,9,48,3,0,1,1,1,2,1,0,0,0,0
0,74,22,2,26,1,0,0,0,0,1,0,0,0,0,0
1,107,2,2,8,0,0,0,0,0,0,0,0,0,0,0
0,158,6,7,30,2,0,1,1,1,0,1,0,0,0,1
0,281,16,2,20,1,0,1,0,0,0,0,0,0,0,0
1,293,10,2,14,0,0,1,0,0,0,0,0,0,0,1
0,256,16,7,40,1,1,1,2,0,1,1,0,0,0,0
1,291,6,2,10,0,0,0,0,0,0,0,0,0,0,1
1,273,12,2,16,0,0,0,1,0,0,0,0,0,0,0
0,299,28,1,28,0,0,0,0,0,0,1,0,0,0,0
1,61,12,3,30,1,0,0,0,0,0,1,0,0,0,0
1,25,10,1,10,0,0,0,0,0,0,0,0,0,0,0
0,306,8,12,72,2,2,2,1,2,0,0,0,0,0,0
1,137,16,2,18,1,0,0,0,0,0,1,0,0,0,0
0,176,10,2,12,0,0,0,0,0,0,0,0,0,0,1
0,99,14,2,16,1,0,1,0,0,0,0,0,0,0,0
1,381,2,9,48,1,0,3,0,1,1,1,1,1,1,0
1,313,8,12,56,1,1,0,2,1,2,3,0,0,0,0
1,121,14,2,22,0,0,1,0,1,0,0,0,1,0,0
1,82,10,4,22,2,0,0,1,0,0,0,0,0,0,0
1,230,4,2,8,0,0,0,0,0,0,0,0,0,0,0
1,73,14,1,14,1,0,0,0,0,0,0,0,0,0,0
0,16,10,1,10,0,0,0,0,0,0,0,0,0,0,1
1,209,12,7,36,2,1,1,0,0,1,1,1,0,0,0
1,238,16,4,32,0,0,2,1,0,1,0,1,0,1,0
1,248,14,11,60,2,2,3,1,1,1,1,0,0,0,0
1,104,8,2,12,0,0,0,0,0,0,0,0,0,0,0
1,89,24,1,24,0,0,0,1,0,0,0,0,0,0,0
1,167,14,1,14,1,0,0,0,0,0,0,0,0,0,0
1,203,20,2,24,1,0,0,0,0,0,1,0,0,0,0
0,157,12,2,18,0,1,0,0,0,0,0,0,0,0,0
0,94,12,1,12,0,0,0,0,0,0,0,0,0,0,0
1,170,4,1,4,0,0,0,0,0,0,0,0,0,0,0
1,430,14,12,84,3,1,2,0,1,5,0,1,0,1,0
1,119,12,7,48,2,0,1,0,1,1,1,0,0,0,0
1,133,24,1,24,0,0,0,0,1,0,0,0,0,0,0
0,146,2,2,8,0,0,0,0,0,0,0,0,0,0,0
1,213,10,2,18,0,0,0,1,0,0,0,0,0,0,0
1,165,10,1,10,0,0,0,0,0,0,0,0,0,0,0
1,48,4,2,12,0,0,0,0,0,0,0,0,0,0,0
1,204,2,2,10,0,0,0,0,0,0,0,0,0,0,0
1,150,14,9,66,3,0,2,1,2,1,0,1,0,0,0
1,371,16,6,38,0,1,2,0,0,2,1,0,0,0,0
0,154,16,1,16,0,0,0,0,0,1,0,0,0,0,0
1,371,10,10,52,3,2,1,1,1,0,0,0,0,0,0
1,427,34,9,62,2,0,1,1,1,2,2,0,0,0,1
1,188,10,4,32,2,0,0,1,0,0,0,0,0,0,0
0,25,18,1,18,0,0,1,0,0,0,0,0,0,0,0
0,207,30,10,90,0,0,0,4,4,1,1,0,0,0,0
1,286,10,5,34,0,1,0,1,0,1,0,0,0,1,0
0,313,10,2,18,0,0,0,1,0,0,0,0,0,0,0
1,353,8,9,38,0,1,2,4,0,0,1,0,0,0,0
1,115,6,1,6,0,0,0,0,0,0,0,0,0,0,0
1,301,6,1,6,0,0,0,0,0,0,0,0,0,0,0
1,174,8,2,12,0,0,0,0,0,0,0,0,0,0,1
0,92,10,3,24,0,0,1,0,0,0,1,0,0,0,0
0,200,16,2,18,2,0,0,0,0,0,0,0,0,0,1
1,70,4,2,8,0,0,0,0,0,0,0,0,0,0,0
1,90,2,2,6,0,0,0,0,0,0,0,0,0,0,0
1,367,26,12,86,3,1,4,1,1,0,2,0,0,0,0
1,97,10,2,14,0,0,1,0,0,0,0,0,0,0,0
1,186,6,1,6,0,0,0,0,0,0,0,0,0,0,0
1,285,6,5,30,1,1,0,0,0,0,1,0,0,0,0
0,56,4,1,4,0,0,0,0,0,0,0,0,0,0,0
0,97,14,2,16,0,0,0,0,2,0,0,0,1,0,1
1,155,28,2,36,0,2,0,0,0,0,0,0,0,0,0
0,268,6,1,6,0,0,0,0,0,0,0,0,0,0,0
0,149,12,2,18,0,0,1,0,0,0,0,0,0,0,0
0,140,10,1,10,0,0,0,0,0,0,0,0,0,0,0
1,114,2,7,18,0,1,1,0,1,0,0,0,0,0,1
1,240,32,2,34,0,1,0,0,0,0,1,0,0,0,0
1,140,14,1,14,0,0,1,0,0,0,0,0,0,0,0
1,284,10,2,14,1,0,0,0,0,0,0,0,0,0,0
0,33,6,1,6,0,0,0,0,0,0,0,0,0,0,0
0,248,14,1,14,0,0,0,0,0,0,0,0,0,0,0
1,175,14,2,20,1,1,0,0,0,0,0,0,0,0,0
0,206,20,1,20,1,0,0,0,0,0,0,0,0,0,0
1,321,2,2,8,0,0,0,0,0,0,0,0,0,0,0
1,159,12,1,12,0,0,0,0,0,0,0,0,0,0,0
0,120,12,2,18,0,0,0,1,0,0,0,0,0,0,0
0,40,12,2,18,0,0,1,0,0,0,0,0,0,0,0
1,214,6,2,10,0,0,0,0,0,0,0,0,0,0,0
1,24,4,1,4,0,0,0,0,0,0,0,0,0,0,0
1,325,16,3,32,0,0,1,0,0,1,1,0,0,0,0
0,129,4,1,4,0,0,0,0,0,0,0,0,0,0,0
0,66,18,1,18,0,0,0,0,0,0,1,0,0,0,0
0,149,4,2,10,0,0,0,0,0,0,0,0,0,0,1
1,41,32,1,32,0,0,1,0,0,0,0,0,0,0,0
1,216,10,1,10,0,0,0,0,0,0,0,0,0,0,1
1,175,14,1,14,0,1,0,0,0,0,0,0,0,0,0
1,267,14,2,16,0,0,1,0,0,1,0,0,0,0,0
1,266,6,7,38,2,1,1,0,0,0,0,0,0,0,0
0,134,2,2,6,0,0,0,0,0,0,0,0,0,0,0
1,98,4,2,8,0,0,0,0,0,0,0,0,0,0,1
1,256,20,1,20,0,0,0,0,0,0,1,0,0,0,0
1,36,2,1,2,0,0,0,0,0,0,0,0,0,0,0
1,258,2,2,8,0,0,0,0,0,0,0,0,0,0,1
1,58,4,1,4,0,0,0,0,0,0,0,0,0,0,0
1,100,26,1,26,0,0,0,0,0,1,0,0,0,0,0
1,289,14,2,20,0,0,1,0,0,0,0,0,0,0,0
1,164,16,1,16,0,1,0,0,0,0,0,0,0,0,0
1,395,10,12,54,3,2,2,3,1,0,0,2,0,0,0
0,171,12,2,16,0,0,0,0,0,1,0,0,0,0,1
0,258,16,1,16,0,0,0,0,1,0,0,0,0,0,0
0,265,8,1,8,0,0,0,0,0,0,0,0,0,0,1
1,208,32,2,34,0,0,2,0,0,0,0,0,0,0,0
1,98,10,2,16,1,0,0,0,0,0,0,0,0,0,0
1,361,10,12,64,3,1,1,2,1,0,2,0,0,0,0
1,54,14,3,22,1,1,1,0,0,0,0,0,0,0,0
0,97,6,1,6,0,0,0,0,0,0,0,0,0,0,0
1,67,6,1,6,0,0,0,0,0,0,0,0,0,0,0
1,54,14,1,14,0,0,1,0,0,0,0,0,0,0,0
1,97,10,2,18,0,0,1,0,0,0,0,0,0,0,0
0,160,4,1,4,0,0,0,0,0,0,0,0,0,0,0
0,327,12,2,20,0,0,1,0,0,0,0,0,0,0,0
1,459,14,11,76,2,2,2,1,1,0,3,0,0,0,0
1,188,16,1,16,0,0,1,0,0,0,0,0,0,0,0
1,148,16,5,40,2,0,2,0,0,0,1,1,0,0,0
0,365,16,10,66,1,4,3,0,0,2,0,0,0,0,0
1,86,6,2,10,0,0,0,0,0,0,0,0,0,0,0
1,352,6,11,66,0,0,2,1,0,1,5,2,0,0,1
1,161,12,2,14,0,0,1,0,0,0,0,0,0,0,0
1,414,10,9,40,1,1,3,2,0,0,1,2,0,0,0
1,377,16,7,50,1,1,5,0,0,0,0,1,0,0,0
0,295,16,2,18,0,1,1,0,0,0,0,0,0,0,0
0,249,2,12,38,1,2,0,1,2,2,0,0,0,0,1
0,134,10,1,10,0,0,0,0,0,0,0,0,0,0,0
1,98,14,5,30,2,2,0,0,0,1,0,0,0,0,0
0,235,16,1,16,1,0,0,0,0,0,0,0,0,0,1
1,85,24,1,24,0,0,0,0,0,1,0,0,0,0,0
0,226,12,4,22,0,0,0,0,0,0,2,0,0,0,1
0,100,16,2,22,0,0,1,1,0,0,0,0,0,0,0
0,159,34,2,38,1,0,1,0,0,0,0,0,0,0,0
1,308,34,1,34,0,0,0,0,0,1,0,0,0,0,0
0,81,4,1,4,0,0,0,0,0,0,0,0,0,0,0
1,155,10,9,34,2,1,2,2,0,0,0,2,0,0,0
1,272,10,9,58,1,1,2,1,1,1,1,1,1,1,1
1,175,22,1,22,1,0,0,0,0,0,0,0,0,0,0
1,247,12,2,18,0,0,0,1,0,0,0,0,0,0,0
1,258,10,2,18,0,0,0,1,0,0,0,0,0,0,0
0,78,12,2,14,0,0,0,0,1,0,0,0,0,0,1
0,148,16,2,22,0,0,0,0,0,0,2,0,0,0,0
0,67,16,1,16,0,0,1,0,0,0,0,0,0,0,0
1,306,8,6,36,2,0,1,1,0,1,0,1,0,1,1
0,311,6,10,46,2,0,0,2,0,3,2,0,0,0,0
1,118,10,2,14,0,0,1,0,0,0,0,0,0,0,0
1,232,8,1,8,0,0,0,0,0,0,0,0,0,0,0
0,189,8,6,26,3,0,0,1,0,0,1,0,0,0,0
1,65,12,2,16,1,0,0,0,0,0,0,0,0,0,0
1,290,10,1,10,0,0,0,0,0,0,0,0,0,0,0
1,307,2,5,20,0,1,0,1,0,0,0,0,0,0,0
0,195,6,1,6,0,0,0,0,0,0,0,0,0,0,0
1,310,16,4,24,0,0,2,1,1,0,0,0,0,0,0
1,124,14,1,14,0,0,1,0,0,0,0,0,0,0,0
0,154,34,2,36,1,0,0,0,0,1,0,0,0,0,0
1,93,18,2,26,0,0,0,1,0,1,0,0,0,0,0
1,180,18,1,18,1,0,0,0,0,0,0,0,0,0,0
0,283,10,2,16,1,0,0,0,0,0,0,0,0,0,0
0,320,10,2,14,1,0,0,0,0,0,0,0,0,0,0
1,312,14,2,22,0,0,1,0,0,1,0,0,0,0,0
1,124,12,2,16,0,1,0,0,0,0,0,0,0,0,0
0,235,4,6,18,1,0,1,0,0,0,0,0,0,0,0
0,337,6,3,14,0,0,0,1,0,0,0,0,0,0,0
1,122,12,1,12,0,0,0,0,0,0,0,0,0,0,0
1,299,6,2,14,1,0,0,0,0,0,0,0,0,0,0
1,84,16,4,36,1,0,0,1,1,1,0,0,0,0,0
0,336,24,4,40,0,0,3,0,0,0,1,0,0,0,0
0,405,6,12,70,4,0,0,2,0,1,2,0,0,0,1
0,389,12,10,62,3,0,2,1,1,0,2,0,0,0,0
1,123,16,1,16,0,0,0,0,0,1,0,0,0,0,0
1,314,2,6,36,2,0,0,1,1,0,1,0,0,0,0
1,338,24,9,60,0,1,1,1,1,1,4,0,0,0,0
0,64,2,2,6,0,0,0,0,0,0,0,0,0,0,1
0,228,10,1,10,0,0,0,0,0,0,0,0,0,0,1
1,300,2,2,6,0,0,0,0,0,0,0,0,0,0,0
0,244,20,1,20,0,0,1,0,0,0,0,0,0,0,0
1,274,20,9,44,1,3,1,2,1,1,0,0,0,0,0
0,258,6,3,16,0,1,0,0,0,0,0,0,0,0,0
1,266,6,2,14,0,0,0,1,0,0,0,0,0,0,1
1,158,20,6,32,3,0,1,1,1,0,0,0,0,0,0
0,373,16,5,36,1,1,2,0,0,0,1,1,0,0,0
0,154,36,1,36,1,0,0,0,0,0,0,0,0,0,0
1,112,16,1,16,1,0,0,0,0,0,0,0,0,0,1
1,174,10,4,24,1,0,2,0,0,0,0,0,0,0,0
0,45,16,1,16,0,0,1,0,0,0,0,0,0,0,0
1,92,8,3,16,0,0,1,0,0,0,0,0,0,0,0
1,198,16,1,16,1,0,0,0,0,0,0,0,0,0,0
1,71,4,1,4,0,0,0,0,0,0,0,0,0,0,0
0,239,10,2,12,0,0,0,0,0,0,0,0,0,0,0
1,186,22,2,28,0,0,2,0,0,0,0,1,0,0,0
0,315,12,5,26,1,0,1,0,2,0,0,0,0,0,0
1,240,16,8,52,1,0,4,1,0,0,2,0,0,0,0
1,182,32,9,82,1,1,3,0,1,1,2,1,0,0,0
0,252,14,2,20,0,0,0,0,1,1,0,0,0,0,1
1,235,14,1,14,0,0,0,0,1,0,0,0,0,0,0
0,404,36,8,56,1,2,1,1,1,1,1,1,1,1,0
1,115,30,5,50,1,1,0,1,1,1,0,0,0,0,0
0,87,16,2,22,0,1,1,0,0,0,0,0,0,0,0
1,136,10,2,16,0,1,0,0,0,0,0,0,0,0,0
0,204,26,2,28,1,0,0,0,0,0,1,0,0,0,0
1,41,8,2,10,0,0,0,0,0,0,0,0,0,0,0
0,373,14,8,44,0,0,1,5,0,0,2,0,0,0,0
1,245,28,2,34,0,1,1,0,0,0,0,1,0,0,0
1,331,16,12,46,1,5,2,2,0,1,1,0,0,0,0
1,69,10,1,10,0,0,0,0,0,0,0,0,0,0,0
1,222,16,1,16,1,0,0,0,0,0,0,0,0,0,0
1,213,12,2,14,0,0,1,0,0,0,0,0,0,0,0
1,106,28,2,34,0,0,0,1,0,0,1,0,0,0,0
1,257,10,1,10,0,0,0,0,0,0,0,0,0,0,0
0,63,8,1,8,0,0,0,0,0,0,0,0,0,0,0
1,123,22,5,48,0,0,2,1,0,1,1,1,0,1,0
0,336,16,10,56,2,0,3,3,0,2,0,0,0,0,1
1,380,2,12,72,2,1,3,0,0,1,3,0,0,0,0
0,67,4,2,8,0,0,0,0,0,0,0,0,0,0,0
0,145,6,9,56,3,1,2,1,0,0,0,0,0,0,0
0,349,12,6,40,0,0,2,1,1,1,0,0,0,0,0
1,49,24,3,34,1,0,1,1,0,0,0,0,0,0,0
0,355,4,7,38,0,1,2,1,0,0,1,0,0,0,0
1,32,4,2,12,0,0,0,0,0,0,0,0,0,0,0
1,276,12,12,60,3,0,1,2,2,3,0,0,0,0,0
1,141,6,2,8,0,0,0,0,0,0,0,0,0,0,1
0,215,28,1,28,0,0,0,0,0,1,0,0,0,0,0
0,307,12,4,34,1,0,0,1,0,1,0,0,0,0,0
1,100,2,6,16,0,0,0,0,0,1,0,0,0,0,1
1,281,30,1,30,0,0,0,0,0,1,0,0,0,0,0
1,119,8,1,8,0,0,0,0,0,0,0,0,0,0,0
0,195,22,2,24,0,0,1,1,0,0,0,0,0,0,0
0,52,14,2,18,2,0,0,0,0,0,0,0,0,0,0
1,208,18,1,18,0,0,0,0,0,0,1,0,0,0,0
0,122,10,2,16,0,1,0,0,0,0,0,0,0,0,0
1,305,22,4,34,0,1,1,0,0,1,1,0,0,0,0
1,234,12,12,68,3,1,2,2,0,1,2,1,0,0,0
1,375,26,10,72,2,2,2,1,1,2,0,1,1,2,0
1,160,14,3,28,0,0,1,0,1,0,0,0,0,0,0
1,295,6,10,28,2,1,2,0,0,0,0,1,0,0,0
0,251,8,2,10,0,0,0,0,0,0,0,0,0,0,0
1,226,16,7,56,2,0,1,1,2,1,0,0,1,0,0
1,46,8,1,8,0,0,0,0,0,0,0,0,0,0,0
0,303,12,2,16,1,0,0,0,0,0,0,0,0,0,0
1,69,14,2,18,1,0,0,0,0,0,0,0,0,0,0
0,39,12,2,20,1,0,0,0,0,0,0,0,0,0,0
0,127,10,2,14,1,0,0,0,0,0,0,0,0,0,0
0,249,36,11,88,1,1,5,0,0,2,2,1,0,1,0
1,348,2,6,26,1,1,0,0,0,0,0,0,0,0,0
0,80,16,5,28,2,0,1,0,0,2,0,0,0,0,0
1,154,10,9,54,1,0,4,1,1,0,1,1,1,0,0
0,128,16,1,16,0,1,0,0,0,0,0,0,0,0,0
1,279,2,12,32,2,0,2,0,0,1,1,0,0,0,1
1,275,8,2,10,0,0,0,0,0,0,0,0,0,0,0
0,270,24,2,28,1,0,0,0,1,0,0,0,0,0,0
0,235,20,5,42,1,1,1,0,0,0,2,1,0,0,0
0,191,12,4,34,0,0,2,1,0,0,0,0,0,0,0
0,160,34,2,38,0,0,1,0,1,0,0,0,0,0,0
0,291,18,1,18,0,0,1,0,0,0,0,0,0,0,0
1,308,6,2,8,0,0,0,0,0,0,0,0,0,0,0
1,404,14,11,64,3,1,1,2,0,4,0,0,0,0,0
1,153,16,9,38,2,1,3,1,1,0,1,0,0,0,0
1,154,8,7,34,2,0,1,0,0,0,2,0,0,0,1
1,376,12,9,34,2,1,1,2,1,1,0,1,1,1,0
1,74,12,1,12,0,0,0,0,0,0,0,0,0,0,0
1,242,12,1,12,0,0,0,0,0,0,0,0,0,0,0
1,162,6,10,64,2,1,2,1,0,1,1,2,0,1,0
1,371,14,11,64,3,3,2,0,1,1,1,0,0,0,0
1,267,16,1,16,1,0,0,0,0,0,0,0,0,0,0
0,265,32,6,58,1,0,3,0,0,0,2,0,0,0,0
1,204,22,1,22,1,0,0,0,0,0,0,0,0,0,0
1,418,2,10,48,2,1,2,1,0,1,2,2,0,0,0
1,159,14,2,20,1,1,0,0,0,0,0,0,0,0,0
0,182,32,2,38,1,1,0,0,0,0,0,0,0,0,0
1,240,10,1,10,0,0,0,0,0,0,0,0,0,0,0
1,219,12,6,34,2,1,0,0,0,1,1,0,0,0,0
0,289,10,9,32,3,2,0,0,2,0,1,0,0,0,0
0,42,18,2,24,1,0,1,0,0,0,0,0,0,0,0
1,97,10,1,10,0,0,0,0,0,0,0,0,0,0,0
1,255,6,3,14,0,0,0,0,0,0,0,0,0,0,0
1,43,10,2,14,1,0,0,0,0,0,0,0,0,0,0
1,272,4,12,30,4,0,0,1,0,0,2,0,0,0,0
1,351,12,11,66,1,1,0,1,3,2,2,0,0,0,1
1,188,8,7,34,2,0,1,1,0,0,0,0,0,0,0
1,239,12,2,16,0,1,0,0,0,0,0,0,0,0,0
1,15,16,1,16,1,0,0,0,0,0,0,0,0,0,0
1,66,10,1,10,0,0,0,0,0,0,0,0,0,0,0
0,78,24,2,28,0,0,0,2,0,0,0,0,0,0,0
0,109,14,2,18,0,0,0,1,1,0,0,0,0,0,0
1,423,16,9,42,1,1,2,0,3,2,0,0,0,0,0
1,275,12,1,12,0,0,0,0,0,0,0,0,0,0,0
0,301,4,3,18,1,0,0,1,0,0,0,0,0,0,0
0,221,14,1,14,1,0,0,0,0,0,0,0,0,0,0
1,22,24,1,24,0,1,0,0,0,0,0,0,0,0,0
1,323,4,10,56,4,1,2,1,1,0,0,0,0,0,0
0,275,10,4,24,0,0,1,0,1,1,0,0,0,0,0
1,173,16,4,38,0,1,1,0,1,1,0,0,0,0,0
1,42,10,1,10,0,0,0,0,0,0,0,0,0,0,0
1,268,10,1,10,0,0,0,0,0,0,0,0,0,0,0
1,267,14,5,30,0,1,1,2,1,0,0,0,0,0,0
0,118,14,2,18,1,0,0,0,0,0,0,0,0,0,0
1,55,12,2,16,0,1,0,0,0,0,0,0,0,0,0
1,228,6,1,6,0,0,0,0,0,0,0,0,0,0,0
1,426,10,12,62,2,2,2,0,0,4,1,0,0,0,1
1,301,18,2,24,0,0,2,0,0,0,0,0,0,0,0
0,170,32,3,46,0,1,0,1,0,1,0,0,0,0,0
1,43,16,1,16,0,0,0,0,1,0,0,0,0,0,0
1,340,14,4,30,0,0,2,0,0,2,0,0,0,0,0
0,316,4,7,38,0,2,0,1,0,0,2,0,0,0,0
0,354,14,9,34,2,2,3,1,1,0,0,0,0,0,0
0,448,12,11,66,2,1,1,2,2,1,1,0,0,0,0
1,69,12,1,12,0,0,0,0,0,0,0,0,0,0,0
1,213,34,7,56,1,1,3,1,0,1,0,1,0,1,0
1,78,10,2,12,0,0,0,0,0,0,0,0,0,0,0
1,212,2,1,2,0,0,0,0,0,0,0,0,0,0,0
0,43,10,1,10,0,0,0,0,0,0,0,0,0,0,0
0,157,12,3,28,0,0,1,0,1,0,0,0,0,0,0
1,195,6,1,6,0,0,0,0,0,0,0,0,0,0,0
1,106,14,1,14,0,0,0,1,0,0,0,0,0,0,0
1,92,14,1,14,0,0,0,0,0,0,0,0,0,0,0
1,202,8,12,78,4,0,1,2,1,2,1,0,0,0,0
1,300,30,12,92,1,1,8,1,1,0,0,0,0,0,0
1,308,12,1,12,0,0,0,0,0,0,0,0,0,0,0
1,185,4,1,4,0,0,0,0,0,0,0,0,0,0,0
1,391,36,8,68,1,3,1,2,0,0,1,0,0,0,0
1,315,16,2,18,1,0,0,0,1,0,0,0,0,0,0
1,282,2,10,38,2,0,0,1,0,0,2,0,0,0,1
0,203,12,8,48,1,2,1,1,0,1,1,0,0,0,1
1,260,10,1,10,0,0,0,0,0,0,0,0,0,0,0
1,325,4,3,20,0,0,0,0,0,0,1,0,0,0,0
1,273,24,2,32,1,0,0,0,0,1,0,0,0,0,0
1,158,8,2,12,0,0,0,0,0,0,0,0,0,0,0
0,277,14,6,46,0,0,3,2,0,1,0,0,0,0,0
1,209,12,2,14,1,0,0,0,0,0,0,0,0,0,0
1,324,8,2,16,0,0,1,0,0,0,0,0,0,0,0
1,81,2,1,2,0,0,0,0,0,0,0,0,0,0,0
1,178,2,1,2,0,0,0,0,0,0,0,0,0,0,0
1,213,10,5,38,1,0,0,0,1,1,1,0,0,0,0
1,182,18,1,18,1,0,0,0,0,0,0,0,0,0,0
1,264,12,4,26,0,2,0,0,0,0,1,0,0,0,0
0,88,14,2,22,0,0,1,1,0,0,0,0,0,0,0
0,41,14,1,14,0,0,0,1,0,0,0,0,0,0,0
1,347,24,11,58,4,1,2,2,0,1,1,0,0,0,0
1,152,6,7,36,1,1,1,1,0,0,0,0,0,0,0
0,212,8,5,20,1,1,0,0,1,0,0,0,0,0,0
1,245,12,1,12,0,0,0,0,0,0,0,0,0,0,1
1,379,8,8,54,1,1,0,2,1,1,1,0,0,0,0
1,254,8,2,12,0,0,0,0,0,0,0,0,0,0,0
1,120,12,1,12,0,0,0,0,0,0,0,0,0,0,0
1,98,12,2,18,0,0,0,1,0,0,0,0,0,0,0
1,251,18,5,38,2,2,1,0,0,0,0,0,0,0,0
1,101,16,2,24,0,0,0,1,1,0,0,0,0,0,0
1,157,14,1,14,0,0,1,0,0,0,0,0,0,0,0
1,297,8,1,8,0,0,0,0,0,0,0,0,0,0,0
1,181,26,12,62,4,2,1,4,0,1,0,1,0,1,0
1,440,12,10,64,2,1,4,1,0,0,1,0,0,0,0
0,99,10,5,38,0,0,0,1,0,1,1,0,0,0,1
1,328,20,8,58,1,2,1,2,1,0,1,0,0,0,0
1,19,30,1,30,0,0,1,0,0,0,0,0,0,0,0
1,125,16,6,46,1,0,3,1,0,1,0,0,0,0,0
1,205,14,12,56,1,0,4,1,0,5,1,0,0,0,0
0,146,12,1,12,0,0,0,0,0,0,0,0,0,0,0
1,242,34,9,66,2,1,3,0,1,1,1,1,0,0,0
1,280,2,12,38,0,2,4,2,0,0,1,1,0,0,0
0,416,10,9,52,1,0,0,2,0,0,3,0,0,0,0
0,388,16,8,52,2,1,1,2,0,1,1,1,0,1,0
1,311,20,1,20,0,1,0,0,0,0,0,0,0,0,0
1,231,10,1,10,0,0,0,0,0,0,0,0,0,0,0
1,221,6,6,42,1,0,0,1,0,3,0,0,0,0,1
0,46,22,2,28,0,0,1,0,0,0,1,0,0,0,0
0,299,8,10,44,1,1,2,0,1,2,2,1,0,1,1
1,165,12,8,32,1,2,1,1,0,1,0,1,0,1,1
1,113,14,2,20,0,0,0,1,0,1,0,0,0,0,0
1,158,12,2,18,1,0,0,0,0,0,0,0,0,0,0
1,351,16,8,62,3,1,1,1,0,1,1,1,0,1,1
0,274,26,1,26,0,0,0,0,0,0,1,0,0,0,0
1,363,26,6,52,2,2,0,1,0,0,1,0,0,0,0
1,81,14,1,14,0,0,0,1,0,0,0,0,0,0,0
1,260,6,5,20,0,0,0,1,1,1,0,0,0,0,0
1,382,10,11,58,3,1,1,3,0,0,1,1,0,0,0
1,207,4,7,22,1,1,1,0,0,1,0,0,0,0,1
1,191,4,2,10,0,0,0,0,0,0,0,0,0,0,0
1,303,20,2,28,0,0,0,0,0,0,2,0,0,0,0
1,157,6,2,14,0,0,1,0,0,0,0,0,0,0,0
1,96,14,1,14,1,0,0,0,0,0,0,0,0,0,0
1,187,6,1,6,0,0,0,0,0,0,0,0,0,0,0
0,306,12,12,78,2,1,4,1,0,1,2,0,0,0,0
1,328,8,2,10,0,0,0,0,0,0,0,0,0,0,0
0,350,12,5,30,0,0,2,1,0,1,0,1,0,0,0
0,200,4,9,28,1,1,1,1,0,0,1,0,0,0,0
1,76,8,2,14,0,1,0,0,0,0,0,0,0,0,0
0,354,16,12,46,1,1,4,2,0,1,3,1,0,0,0
1,232,4,6,36,1,0,1,0,1,1,0,0,0,0,0
1,256,14,12,40,2,0,4,2,1,3,0,0,0,0,0
0,130,14,7,38,2,0,1,1,0,2,1,1,0,1,0
1,293,12,2,18,1,0,0,0,0,0,0,0,0,0,1
1,168,14,2,16,0,0,0,1,0,0,0,0,0,0,0
1,80,6,2,10,0,0,0,0,0,0,0,0,0,0,0
1,188,30,12,78,3,2,3,0,1,2,1,1,0,0,0
1,293,14,4,34,1,2,1,0,0,0,0,1,0,0,0
0,190,10,12,40,2,0,3,1,1,1,1,1,0,0,1
0,228,8,2,16,0,0,0,0,0,1,0,0,0,0,0
1,297,14,10,72,3,0,4,0,0,1,2,0,0,0,0
1,61,18,2,24,1,0,0,1,0,0,0,0,0,0,0
1,88,8,5,34,0,0,1,0,0,0,2,0,0,0,1
0,128,12,1,12,0,0,0,0,0,0,0,0,0,0,0
0,217,10,5,26,1,1,0,0,0,1,1,0,0,0,0
1,277,8,2,14,0,1,0,0,0,0,0,0,0,0,0
0,254,34,3,44,0,0,2,0,0,0,1,1,0,0,0
1,360,10,9,56,1,1,1,2,1,1,1,0,0,0,0
0,210,12,2,18,0,0,1,0,0,0,0,0,0,0,0
1,128,22,6,48,2,1,0,0,0,0,3,0,0,0,0
1,256,22,2,28,0,0,0,0,1,0,1,0,0,0,0
1,264,2,8,48,1,0,0,1,1,2,1,0,0,0,1
1,111,26,6,42,0,1,1,1,2,1,0,0,0,0,0
1,62,8,1,8,0,0,0,0,0,0,0,0,0,0,0
0,138,28,3,40,0,1,0,1,0,0,1,0,0,0,0
1,123,10,5,24,0,0,1,0,0,1,1,0,0,0,0
0,145,24,2,30,1,0,0,1,0,0,0,0,0,0,0
0,295,6,2,10,0,0,0,0,0,0,0,0,0,0,0
1,312,10,7,42,2,0,2,0,1,1,0,0,0,0,0
1,260,18,1,18,0,0,0,1,0,0,0,0,0,0,0
1,179,14,11,62,3,0,4,1,0,2,1,0,0,0,0
1,74,12,2,18,1,0,0,0,0,0,0,0,0,0,0
0,202,10,1,10,0,0,0,0,0,0,0,0,0,0,0
0,207,16,1,16,1,0,0,0,0,0,0,0,0,0,0
1,190,32,1,32,0,0,0,1,0,0,0,0,0,0,0
1,111,8,1,8,0,0,0,0,0,0,0,0,0,0,0
1,216,12,2,16,0,0,1,0,0,0,0,0,0,0,1
1,125,22,2,28,0,1,1,0,0,0,0,0,0,0,0
0,238,16,2,22,1,0,0,0,0,0,1,0,0,0,0
1,292,8,2,10,0,0,0,0,0,0,0,0,0,0,0
0,311,34,1,34,0,0,1,0,0,0,0,0,0,0,0
1,254,10,1,10,0,0,0,0,0,0,0,0,0,0,0
1,302,6,2,8,0,0,0,0,0,0,0,0,0,0,0
1,265,16,1,16,0,1,0,0,0,0,0,0,0,0,0
1,89,6,1,6,0,0,0,0,0,0,0,0,0,0,0
1,158,14,5,36,3,0,1,0,0,0,1,0,0,0,0
0,302,4,8,32,3,0,0,1,0,0,1,0,0,0,0
1,113,12,3,24,1,0,1,0,0,0,0,0,0,0,0
1,69,12,1,12,0,0,0,0,0,0,0,0,0,0,0
0,256,12,1,12,0,0,0,0,0,0,0,0,0,0,0
0,237,6,8,40,3,0,1,0,2,0,1,0,0,0,1
1,230,4,1,4,0,0,0,0,0,0,0,0,0,0,0
1,222,26,1,26,0,0,1,0,0,0,0,0,0,0,0
1,150,4,5,16,0,0,0,0,1,0,1,0,0,0,0
1,319,32,7,62,2,1,1,2,0,0,1,1,0,0,0
1,389,24,9,52,2,0,1,2,0,0,4,0,0,0,0
1,132,20,3,36,1,0,1,0,0,1,0,0,0,0,0
1,198,10,3,16,2,0,0,0,0,0,0,0,0,0,0
1,167,28,1,28,0,0,0,0,0,1,0,0,0,0,0
0,237,6,1,6,0,0,0,0,0,0,0,0,0,0,0
1,311,14,11,48,3,1,3,0,2,0,2,1,1,0,0
1,170,2,3,18,0,1,0,0,0,0,1,0,0,0,0
1,321,16,2,20,1,0,0,0,1,0,0,0,0,0,0
1,312,14,1,14,0,0,0,0,0,1,0,0,0,0,0
0,19,22,1,22,0,0,0,0,1,0,0,0,0,0,0
1,341,14,12,64,3,2,1,1,2,0,1,1,1,0,1
1,186,2,2,8,0,0,0,0,0,0,0,0,0,0,0
0,412,8,11,68,3,2,1,1,2,0,1,1,1,0,0
1,386,14,7,44,1,1,0,0,2,2,1,0,0,0,0
1,261,16,1,16,0,0,0,0,1,0,0,0,0,0,0
1,301,34,2,40,1,0,0,0,0,1,0,0,0,0,0
1,70,30,2,38,1,0,1,0,0,0,0,0,0,0,0
1,438,10,10,52,2,1,0,2,0,2,2,0,0,0,0
0,259,14,2,18,1,0,0,0,0,0,0,0,0,0,0
0,246,34,1,34,1,0,0,0,0,0,0,0,0,0,1
0,222,14,8,36,0,3,0,0,2,1,2,0,1,1,1
1,121,14,8,42,1,1,2,2,1,1,0,1,0,0,0
1,111,12,2,16,0,1,0,0,0,0,0,0,0,0,0
1,291,14,1,14,1,0,0,0,0,0,0,0,0,0,0
1,106,8,2,16,1,0,0,0,0,0,0,0,0,0,0
0,181,16,1,16,0,0,0,0,1,0,0,0,0,0,0
1,316,2,9,32,0,1,2,0,0,0,0,1,0,0,0
1,237,16,1,16,1,0,0,0,0,0,0,0,0,0,0
1,116,16,5,30,2,0,0,1,0,1,1,0,0,1,1
1,170,4,1,4,0,0,0,0,0,0,0,0,0,0,0
1,266,24,2,26,0,0,2,0,0,0,0,0,0,0,0
0,309,6,1,6,0,0,0,0,0,0,0,0,0,0,0
1,55,8,2,12,0,0,0,0,0,0,0,0,0,0,0
0,201,4,1,4,0,0,0,0,0,0,0,0,0,0,0
0,344,6,11,38,3,0,2,1,2,0,1,2,0,0,0
0,120,14,2,22,1,0,0,0,0,0,0,0,0,0,0
0,23,2,1,2,0,0,0,0,0,0,0,0,0,0,0
1,144,14,9,52,1,1,3,0,3,0,1,1,1,0,0
0,306,6,2,12,0,0,0,0,0,0,0,0,0,0,0
1,18,10,1,10,0,0,0,0,0,0,0,0,0,0,0
1,32,28,1,28,0,0,0,0,0,0,1,0,0,0,0
1,62,24,2,28,0,1,1,0,0,0,0,0,0,0,0
1,189,2,4,22,0,1,0,1,0,0,0,0,0,0,0
1,261,4,10,58,1,1,3,1,3,0,0,0,0,0,0
0,276,2,2,6,0,0,0,0,0,0,0,0,0,0,0
1,158,14,2,20,0,1,0,0,0,1,0,0,0,0,0
1,272,2,7,40,0,0,1,0,1,0,2,0,0,0,1
1,231,4,1,4,0,0,0,0,0,0,0,0,0,0,0
0,294,14,11,48,4,1,2,2,1,1,0,1,1,1,0
1,225,4,2,8,0,0,0,0,0,0,0,0,0,0,0
0,415,28,12,72,4,2,2,0,1,1,2,2,1,1,0
1,202,20,1,20,0,0,1,0,0,0,0,0,0,0,0
0,155,16,9,64,1,1,2,2,1,1,1,0,0,0,0
1,327,14,5,24,1,0,2,1,0,1,0,1,0,0,0
1,256,28,2,34,1,0,1,0,0,0,0,0,0,0,0
0,244,12,1,12,0,0,0,0,0,0,0,0,0,0,0
1,205,24,5,38,0,0,1,1,0,1,2,0,0,0,0
1,337,30,7,52,0,2,2,1,0,1,1,1,0,1,0
1,224,2,11,52,1,1,1,0,0,1,3,1,0,0,1
1,136,12,2,18,1,0,0,0,0,0,0,0,0,0,0
1,78,16,1,16,1,0,0,0,0,0,0,0,0,0,0
1,144,6,8,24,1,0,1,0,1,1,1,0,0,0,0
0,117,24,1,24,0,0,0,1,0,0,0,0,0,0,0
1,250,4,1,4,0,0,0,0,0,0,0,0,0,0,0
1,218,12,1,12,0,0,0,0,0,0,0,0,0,0,0
1,234,2,1,2,0,0,0,0,0,0,0,0,0,0,0
1,153,6,4,26,2,0,0,0,0,0,1,0,0,0,0
1,219,4,2,12,0,0,0,0,0,0,0,0,0,0,0
1,165,16,1,16,0,1,0,0,0,0,0,0,0,0,0
1,327,8,2,12,0,0,0,0,0,0,0,0,0,0,0
1,367,6,9,24,0,0,3,0,0,1,3,0,0,0,0
1,319,12,11,58,2,0,3,1,1,1,2,0,0,0,0
0,258,2,1,2,0,0,0,0,0,0,0,0,0,0,1
1,49,12,2,14,0,0,1,0,0,0,0,0,0,0,0
0,329,30,12,90,1,1,3,2,0,1,4,0,0,0,0
1,179,10,1,10,0,0,0,0,0,0,0,0,0,0,0
0,382,6,8,40,3,0,2,0,0,1,0,0,0,0,0
0,44,14,2,16,2,0,0,0,0,0,0,0,0,0,0
1,152,14,2,20,0,0,1,0,0,0,0,0,0,0,0
0,223,12,11,40,4,0,2,0,0,2,1,0,0,0,1
0,176,12,8,40,2,0,4,1,0,0,0,1,0,0,0
1,225,22,7,64,2,0,2,0,1,0,2,0,0,0,0
1,308,10,7,48,1,1,1,3,0,0,0,0,0,0,0
1,158,2,2,4,0,0,0,0,0,0,0,0,0,0,1
1,270,14,6,38,1,0,1,1,1,0,2,0,0,0,0
1,63,28,1,28,0,0,0,1,0,0,0,0,0,0,0
1,50,4,2,8,0,0,0,0,0,0,0,0,0,0,0
0,455,16,11,40,4,0,3,2,1,0,1,0,0,0,0
1,334,8,3,20,0,0,1,0,0,1,0,0,0,0,0
1,130,10,2,14,0,0,1,0,0,0,0,0,0,0,0
1,144,10,2,12,0,0,0,0,0,0,0,0,0,0,0
0,288,18,5,46,1,0,3,0,0,1,0,0,0,0,0
0,313,26,5,42,2,0,0,0,0,2,1,0,0,0,0
1,339,14,9,52,4,0,1,2,0,2,0,0,0,0,0
0,19,14,1,14,0,1,0,0,0,0,0,0,0,0,0
1,148,2,2,4,0,0,0,0,0,0,0,0,0,0,0
1,44,6,1,6,0,0,0,0,0,0,0,0,0,0,0
1,285,32,1,32,0,0,0,1,0,0,0,0,0,0,0
1,27,6,1,6,0,0,0,0,0,0,0,0,0,0,0
1,226,4,1,4,0,0,0,0,0,0,0,0,0,0,0
1,83,10,4,22,1,0,1,1,0,0,0,0,0,0,0
1,92,20,4,34,1,0,2,0,0,0,1,1,0,0,0
0,352,16,5,36,2,0,0,1,1,0,1,0,0,0,0
1,265,16,2,24,1,0,1,0,0,0,0,1,0,0,0
0,238,10,11,34,1,1,1,2,1,1,3,0,0,0,1
0,150,16,5,36,1,0,1,1,0,2,0,0,0,1,1
1,62,8,1,8,0,0,0,0,0,0,0,0,0,0,0
1,203,2,5,20,1,1,0,0,0,0,0,0,0,0,0
1,303,24,9,76,1,1,2,2,0,0,3,0,0,0,0
1,347,26,12,68,5,1,2,0,0,1,3,0,0,0,0
1,212,14,6,28,1,1,0,1,1,0,2,0,0,0,0
1,113,4,1,4,0,0,0,0,0,0,0,0,0,0,0
1,389,12,9,36,2,0,3,2,0,0,1,0,0,0,0
1,297,26,2,30,0,0,1,0,1,0,0,0,0,0,0
0,255,22,2,30,0,0,0,1,1,0,0,0,0,0,0
1,37,20,2,26,1,0,1,0,0,0,0,0,0,0,0
1,209,6,2,12,0,0,0,0,0,0,0,0,0,0,0
1,83,4,1,4,0,0,0,0,0,0,0,0,0,0,0
1,157,36,2,38,0,0,0,1,0,1,0,0,0,0,0
1,209,4,1,4,0,0,0,0,0,0,0,0,0,0,0
1,165,16,2,22,0,1,1,0,0,0,0,1,0,0,0
0,307,6,2,12,0,0,0,0,0,0,0,0,0,0,0
1,380,10,6,36,0,0,1,2,0,0,1,0,0,0,0
1,297,10,6,24,1,0,1,0,1,0,2,1,1,0,1
0,161,2,1,2,0,0,0,0,0,0,0,0,0,0,1
1,135,6,2,12,0,0,0,0,0,0,0,0,0,0,0
1,165,16,2,18,2,0,0,0,0,0,0,0,0,0,0
1,172,28,2,32,1,0,0,1,0,0,0,0,0,0,0
1,66,2,1,2,0,0,0,0,0,0,0,0,0,0,0
1,112,18,2,24,1,0,0,0,0,0,1,0,0,0,0
0,226,16,12,76,5,0,2,2,1,0,2,0,0,0,0
1,219,16,8,52,4,1,1,0,1,1,0,0,0,0,0
0,80,2,2,10,0,0,0,0,0,0,0,0,0,0,0
1,157,10,1,10,0,0,0,0,0,0,0,0,0,0,0
1,76,2,1,2,0,0,0,0,0,0,0,0,0,0,0
1,26,14,1,14,0,0,0,0,0,1,0,0,0,0,1
1,286,14,1,14,1,0,0,0,0,0,0,0,0,0,0
1,49,14,1,14,1,0,0,0,0,0,0,0,0,0,0
1,311,14,1,14,1,0,0,0,0,0,0,0,0,0,0
1,275,20,2,24,0,0,2,0,0,0,0,1,0,0,0
1,255,10,1,10,0,0,0,0,0,0,0,0,0,0,0
1,94,14,5,34,1,0,1,2,0,1,0,1,0,1,0
1,259,10,1,10,0,0,0,0,0,0,0,0,0,0,0
1,164,12,4,28,2,0,0,0,0,1,0,0,0,0,0
1,240,28,1,28,0,0,1,0,0,0,0,0,0,0,0
0,362,2,5,24,2,0,0,0,0,1,0,0,0,0,0
1,45,14,2,22,1,0,0,0,0,0,0,0,0,0,0
1,315,6,3,22,2,0,0,0,0,0,0,0,0,0,0
1,320,10,9,38,1,0,3,1,1,2,0,0,0,0,0
1,282,4,5,30,2,0,0,0,0,0,1,0,0,0,0
1,248,8,2,10,0,0,0,0,0,0,0,0,0,0,0
1,149,4,1,4,0,0,0,0,0,0,0,0,0,0,0
0,364,12,11,36,2,0,2,2,2,0,2,2,1,0,0
1,121,10,1,10,0,0,0,0,0,0,0,0,0,0,0
1,77,10,1,10,0,0,0,0,0,0,0,0,0,0,0
1,232,28,7,42,2,1,0,1,1,2,0,0,0,0,0
0,216,14,6,38,2,2,0,0,0,0,1,0,0,0,0
0,233,12,10,52,0,0,4,4,0,0,1,0,0,0,0
0,124,2,2,6,0,0,0,0,0,0,0,0,0,0,0
0,46,8,1,8,0,0,0,0,0,0,0,0,0,0,0
1,167,26,7,64,1,0,2,0,1,2,1,0,0,0,0
1,268,14,12,80,3,0,5,0,1,1,2,0,0,0,0
1,386,34,8,68,0,2,2,2,0,1,1,0,0,0,0
1,81,8,1,8,0,0,0,0,0,0,0,0,0,0,0
0,393,24,8,68,1,1,4,0,1,1,0,0,0,0,0
1,354,24,5,34,1,1,0,0,1,1,1,0,0,0,0
1,222,12,2,18,1,0,0,0,0,0,0,0,0,0,0
0,145,14,2,18,0,0,1,0,0,1,0,0,0,0,0
0,22,16,1,16,0,0,0,0,0,0,1,0,0,0,0
0,262,10,1,10,0,0,0,0,0,0,0,0,0,0,0
1,208,22,5,40,1,0,3,0,1,0,0,0,0,0,0
1,79,20,2,24,0,0,1,0,0,1,0,0,0,0,0
1,183,14,11,64,2,1,2,3,2,1,0,0,0,0,0
0,221,16,1,16,0,0,1,0,0,0,0,0,0,0,0
0,117,2,2,4,0,0,0,0,0,0,0,0,0,0,0
1,57,12,2,14,0,0,1,0,0,0,0,0,0,0,0
1,152,18,1,18,0,1,0,0,0,0,0,0,0,0,0
1,137,10,2,14,0,0,1,0,0,0,0,0,0,0,0
0,168,2,9,20,0,0,2,1,0,0,0,0,0,0,1
0,170,28,6,60,1,0,3,0,0,2,0,0,0,0,0
1,190,28,2,36,1,0,1,0,0,0,0,0,0,0,0
0,184,16,7,40,0,0,4,0,0,1,2,0,0,0,0
1,322,12,2,16,1,0,0,0,0,0,0,0,0,0,0
1,214,30,1,30,0,0,0,1,0,0,0,0,0,0,0
1,82,12,2,16,0,0,1,0,0,0,0,0,0,0,1
0,392,4,10,38,3,0,1,0,1,2,0,0,0,0,1
1,254,16,3,22,1,1,1,0,0,0,0,1,0,0,0
1,107,4,2,10,0,0,0,0,0,0,0,0,0,0,0
0,287,10,11,74,2,1,1,2,2,0,2,1,0,0,0
0,339,12,7,48,1,0,2,1,0,1,0,1,0,1,1
1,126,18,2,20,0,0,1,0,1,0,0,0,0,0,0
0,262,14,1,14,0,0,0,0,0,0,0,0,0,0,0
1,283,20,1,20,0,0,1,0,0,0,0,0,0,0,0
1,185,14,2,16,0,1,0,0,0,0,0,0,0,0,0
1,221,14,9,62,4,1,0,1,1,2,0,0,1,2,1
1,206,10,3,16,0,0,1,0,0,0,0,0,0,0,0
0,254,12,4,24,2,0,0,1,0,0,0,0,0,0,0
1,184,10,1,10,0,0,0,0,0,0,0,0,0,0,0
0,388,14,10,54,4,1,2,0,0,0,3,0,0,0,0
0,183,16,2,20,0,0,0,0,0,0,2,0,0,0,1
0,323,14,9,56,2,4,0,0,1,1,1,0,0,0,0
1,188,10,7,42,1,1,1,3,0,0,0,0,0,0,0
1,409,6,10,48,3,0,2,2,1,0,1,0,0,0,0
1,349,16,12,42,2,0,2,2,0,3,3,0,0,0,1
0,278,10,5,26,1,0,0,0,1,0,1,0,0,0,0
1,41,8,1,8,0,0,0,0,0,0,0,0,0,0,1
0,20,16,1,16,0,0,0,0,1,0,0,0,0,0,0
1,107,4,2,6,0,0,0,0,0,0,0,0,0,0,0
1,304,12,1,12,0,0,0,0,0,0,0,0,0,0,0
1,239,8,7,30,0,0,2,0,0,0,0,1,0,0,0
1,216,10,1,10,0,0,0,0,0,0,0,0,0,0,0
0,349,8,7,38,1,1,0,0,1,1,1,0,0,0,0
0,143,32,1,32,0,0,0,0,0,1,0,0,0,0,0
1,116,14,2,20,1,0,1,0,0,0,0,0,0,0,0
0,327,4,2,8,0,0,0,0,0,0,0,0,0,0,1
1,193,12,11,44,3,0,2,1,1,1,2,0,0,0,0
0,193,16,2,22,0,0,0,1,0,1,0,0,0,1,0
1,48,16,3,32,1,0,1,0,1,0,0,0,0,0,0
0,181,14,2,20,0,0,1,0,1,0,0,0,0,0,0
1,69,12,2,18,1,0,0,0,0,0,0,0,0,0,0
0,310,16,1,16,0,0,0,1,0,0,0,0,0,0,0
1,50,2,1,2,0,0,0,0,0,0,0,0,0,0,0
1,192,6,4,24,0,0,1,0,0,0,1,0,0,0,0
1,196,2,12,26,1,1,2,0,0,0,2,0,0,0,0
1,208,18,1,18,1,0,0,0,0,0,0,0,0,0,0
0,238,30,5,44,1,0,2,0,0,0,2,1,0,0,0
1,199,8,1,8,0,0,0,0,0,0,0,0,0,0,0
0,274,2,2,6,0,0,0,0,0,0,0,0,0,0,0
0,300,16,2,18,0,0,1,0,0,0,1,0,0,0,0
1,254,10,2,16,0,0,0,1,0,0,0,0,0,0,0
0,225,26,12,64,3,1,1,3,2,0,2,0,0,0,0
0,19,16,1,16,1,0,0,0,0,0,0,0,0,0,0
1,144,10,1,10,0,0,0,0,0,0,0,0,0,0,0
1,238,16,8,42,2,0,1,2,1,1,1,0,0,0,0
0,185,10,9,48,1,1,1,0,0,2,3,1,0,1,1
1,267,16,2,20,0,0,2,0,0,0,0,0,0,0,0
0,291,16,2,20,1,0,1,0,0,0,0,0,0,0,0
1,342,26,10,82,4,1,1,1,0,1,2,0,0,0,0
1,300,26,8,70,1,3,0,2,0,1,1,0,0,0,0
1,207,12,9,58,3,0,2,0,0,1,1,1,0,0,1
1,309,12,2,20,0,0,1,0,0,0,0,0,0,0,0
1,154,32,2,36,1,0,0,0,0,1,0,0,0,1,0
0,147,8,1,8,0,0,0,0,0,0,0,0,0,0,1
1,119,16,1,16,0,0,1,0,0,0,0,0,0,0,0
1,388,16,8,48,3,0,4,0,1,0,0,0,0,0,0
1,159,16,2,20,1,0,0,0,0,0,1,0,0,0,0
1,109,18,2,22,0,1,1,0,0,0,0,1,0,0,0
0,232,12,1,12,0,0,0,0,0,0,0,0,0,0,0
1,104,14,1,14,0,0,1,0,0,0,0,0,0,0,0
1,138,12,5,26,2,0,0,0,0,1,1,0,0,0,0
1,71,6,1,6,0,0,0,0,0,0,0,0,0,0,0
0,218,12,2,20,1,0,0,0,0,0,0,0,0,0,0
1,275,2,2,4,0,0,0,0,0,0,0,0,0,0,0
1,222,28,9,60,2,1,3,0,2,0,1,0,0,0,0
1,392,28,11,90,0,2,4,2,0,2,1,2,0,1,0
1,232,18,11,50,1,2,5,2,1,0,0,0,0,0,0
1,245,4,4,18,0,1,0,0,0,1,0,0,0,0,0
1,131,2,2,6,0,0,0,0,0,0,0,0,0,0,0
0,71,6,3,18,1,0,0,0,0,0,0,0,0,0,1
0,56,12,2,16,1,0,0,0,0,0,0,0,0,0,0
0,257,14,12,76,2,1,3,1,2,2,1,0,0,0,0
1,237,30,3,44,1,1,0,0,0,0,1,0,0,0,0
1,383,2,8,18,0,0,0,2,0,1,0,0,0,0,0
1,265,12,3,24,0,0,1,0,1,0,0,0,0,0,0
0,173,4,1,4,0,0,0,0,0,0,0,0,0,0,0
1,280,26,1,26,0,0,0,1,0,0,0,0,0,0,0
0,265,14,2,18,0,0,0,0,1,0,0,0,0,0,1
1,413,16,8,60,2,0,2,1,1,1,1,1,1,1,0
1,191,8,9,58,1,1,0,1,1,0,2,0,0,0,0
1,126,10,2,16,1,0,0,0,0,0,0,0,0,0,0
0,320,8,5,26,0,0,1,0,0,1,1,0,0,1,0
1,225,16,4,34,1,0,0,1,1,1,0,0,0,0,0
1,197,8,1,8,0,0,0,0,0,0,0,0,0,0,1
1,396,16,11,50,3,2,2,2,0,1,1,0,0,0,0
0,255,8,2,12,0,0,0,0,0,0,0,0,0,0,0
1,323,6,2,10,0,0,0,0,0,0,0,0,0,0,1
1,364,6,6,18,1,1,1,0,0,0,0,0,0,0,0
0,263,20,1,20,1,0,0,0,0,0,0,0,0,0,0
1,224,32,9,60,2,1,2,3,0,0,1,0,0,0,0
0,274,12,6,32,2,0,1,0,0,0,2,1,0,0,1
0,251,14,7,50,2,1,2,0,1,0,1,0,0,0,0
1,127,10,2,18,0,0,1,0,0,0,0,0,0,0,0
1,217,4,12,66,2,2,4,1,0,2,0,0,0,0,0
1,241,20,4,28,2,0,2,0,0,0,0,0,0,0,0
1,163,34,10,70,1,1,3,2,0,0,3,0,0,0,0
0,197,4,2,12,0,0,0,0,0,0,0,0,0,0,1
1,172,14,6,26,1,1,2,0,1,0,1,1,0,0,0
0,174,8,1,8,0,0,0,0,0,0,0,0,0,0,0
0,318,12,2,16,0,0,1,0,0,0,0,0,0,0,0
1,335,6,12,74,1,0,3,2,0,2,2,0,0,0,0
0,59,4,2,10,0,0,0,0,0,0,0,0,0,0,0
1,284,16,2,20,0,0,1,0,0,0,1,0,0,0,0
1,23,6,1,6,0,0,0,0,0,0,0,0,0,0,0
0,81,30,4,46,1,1,1,1,0,0,0,1,0,0,0
1,243,34,11,90,3,1,2,2,0,1,2,0,0,0,0
1,128,12,1,12,0,0,0,0,0,0,0,0,0,0,0
1,73,6,2,8,0,0,0,0,0,0,0,0,0,0,0
1,111,16,2,22,0,0,0,0,1,0,1,0,0,0,1
1,34,30,2,36,1,0,0,0,0,1,0,0,0,0,0
0,224,12,8,48,1,1,2,0,1,0,2,0,0,0,0
1,183,6,1,6,0,0,0,0,0,0,0,0,0,0,0
1,270,10,2,14,0,0,1,0,0,0,0,0,0,0,0
0,215,4,5,18,1,0,1,0,0,0,0,0,0,0,0
1,367,10,12,60,2,2,1,1,0,2,2,0,0,0,1
0,164,10,1,10,0,0,0,0,0,0,0,0,0,0,0
1,313,14,1,14,0,0,0,1,0,0,0,0,0,0,0
1,39,10,1,10,0,0,0,0,0,0,0,0,0,0,0
1,128,34,7,74,1,1,2,0,1,0,2,1,0,0,0
1,276,2,5,26,0,1,1,0,0,0,0,0,0,0,0
1,149,14,2,18,0,0,1,0,0,1,0,0,0,0,0
1,290,26,12,86,2,2,2,1,4,1,0,0,0,0,0
0,206,4,10,44,3,1,2,0,1,1,0,0,0,0,1
1,143,10,2,16,0,0,1,0,0,0,0,0,0,0,0
1,203,8,1,8,0,0,0,0,0,0,0,0,0,0,0
1,15,8,1,8,0,0,0,0,0,0,0,0,0,0,0
1,152,16,1,16,0,0,1,0,0,0,0,0,0,0,0
1,221,34,2,40,0,1,0,0,0,0,1,0,0,0,0
1,193,12,1,12,0,0,0,0,0,0,0,0,0,0,0
1,70,14,2,18,0,0,1,0,0,0,0,0,0,0,0
1,76,12,1,12,0,0,0,0,0,0,0,0,0,0,0
0,214,10,2,12,0,0,0,0,0,0,0,0,0,0,0
1,260,22,1,22,0,0,1,0,0,0,0,0,0,0,0
1,221,32,4,56,2,1,0,0,0,0,1,0,0,0,0
1,314,8,2,16,0,0,1,0,0,0,0,0,0,0,0
1,442,14,12,40,3,2,2,0,0,1,4,1,0,1,0
1,75,4,2,8,0,0,0,0,0,0,0,0,0,0,0
1,303,26,1,26,0,0,0,1,0,0,0,0,0,0,0
1,169,6,2,8,0,0,0,0,0,0,0,0,0,0,0
1,24,16,1,16,0,1,0,0,0,0,0,0,0,0,0
1,244,16,6,42,2,0,2,0,2,0,0,0,0,0,0
0,125,14,3,22,2,0,1,0,0,0,0,1,0,0,0
1,212,14,9,36,2,1,3,0,1,0,2,1,1,0,0
1,213,14,2,18,0,0,0,1,0,0,0,0,0,0,0
1,161,10,1,10,0,0,0,0,0,0,0,0,0,0,0
1,294,12,1,12,0,0,0,0,0,0,0,0,0,0,0
1,76,2,1,2,0,0,0,0,0,0,0,0,0,0,0
1,86,16,2,20,0,0,0,0,0,0,2,0,0,0,0
0,88,6,1,6,0,0,0,0,0,0,0,0,0,0,0
1,284,2,12,50,3,0,4,1,0,0,2,1,0,0,0
0,355,14,5,34,0,0,1,1,0,2,1,0,0,0,0
0,35,4,2,6,0,0,0,0,0,0,0,0,0,0,0
0,325,16,2,22,0,0,0,1,0,0,1,0,0,0,0
1,227,16,2,24,1,0,0,1,0,0,0,0,0,0,0
1,63,10,4,18,1,1,0,0,0,0,0,0,0,0,0
0,299,8,2,16,1,0,0,0,0,0,0,0,0,0,0
1,366,8,10,44,2,0,3,1,1,2,0,2,0,2,1
1,224,18,2,22,0,0,1,0,0,1,0,0,0,0,0
1,26,6,1,6,0,0,0,0,0,0,0,0,0,0,0
1,121,12,1,12,0,0,0,0,0,0,0,0,0,0,0
1,151,32,2,38,0,0,1,0,1,0,0,0,0,0,0
1,243,34,10,62,4,1,2,0,1,2,0,1,1,1,0
1,313,10,2,18,0,0,1,0,0,0,0,0,0,0,0
1,184,12,1,12,0,0,0,0,0,0,0,0,0,0,0
1,154,10,1,10,0,0,0,0,0,0,0,0,0,0,0
1,96,8,2,10,0,0,0,0,0,0,0,0,0,0,0
1,168,14,1,14,1,0,0,0,0,0,0,0,0,0,0
1,256,32,5,46,1,0,2,0,0,2,0,1,0,1,0
1,244,4,6,24,0,1,0,0,0,1,0,0,0,0,1
1,317,6,4,22,2,0,1,0,0,0,0,1,0,0,0
1,39,28,2,30,0,0,2,0,0,0,0,1,0,0,0
1,304,32,2,38,0,2,0,0,0,0,0,0,0,0,0
1,177,34,2,38,1,1,0,0,0,0,0,0,0,0,0
1,177,10,2,18,1,0,0,0,0,0,0,0,0,0,0
1,352,14,12,52,0,1,3,3,2,1,2,0,0,0,0
0,149,12,1,12,0,0,0,0,0,0,0,0,0,0,0
1,236,12,2,16,0,0,1,0,0,0,0,0,0,0,0
1,56,26,1,26,0,0,1,0,0,0,0,0,0,0,0
0,168,16,2,20,1,0,0,0,0,0,1,0,0,0,0
1,208,12,2,16,0,1,0,0,0,0,0,0,0,0,0
1,81,28,1,28,0,0,1,0,0,0,0,0,0,0,0
1,242,2,2,8,0,0,0,0,0,0,0,0,0,0,0
1,75,4,4,18,0,0,0,1,0,0,0,0,0,0,0
1,264,14,1,14,0,0,0,1,0,0,0,0,0,0,0
1,166,30,1,30,0,0,0,1,0,0,0,0,0,0,0
1,118,10,1,10,0,0,0,0,0,0,0,0,0,0,0
1,142,12,1,12,0,0,0,0,0,0,0,0,0,0,0
0,22,8,1,8,0,0,0,0,0,0,0,0,0,0,0
0,122,10,2,14,0,0,0,0,1,0,0,0,0,0,0
0,283,8,1,8,0,0,0,0,0,0,0,0,0,0,0
0,347,2,11,38,3,0,2,0,1,0,1,2,0,0,0
1,265,8,2,10,0,0,0,0,0,0,0,0,0,0,0
1,270,24,2,30,0,0,0,1,1,0,0,0,0,0,0
1,278,4,8,32,2,0,1,1,1,0,0,0,0,0,1
0,254,16,2,18,1,0,0,0,0,0,1,0,0,0,0
1,314,10,10,48,2,2,3,1,1,0,0,0,0,0,0
1,195,20,2,24,0,0,2,0,0,0,0,1,0,0,0
1,461,10,11,58,3,0,1,2,1,1,2,0,0,0,0
1,241,16,7,34,2,1,1,1,1,0,1,0,0,0,0
1,315,14,5,34,3,0,1,0,0,0,1,0,0,0,0
0,91,16,5,42,0,0,2,2,1,0,0,0,0,0,0
1,301,10,11,62,1,1,2,1,2,0,2,1,0,0,0
1,335,4,4,16,1,0,0,0,0,0,0,0,0,0,0
1,251,8,2,14,0,1,0,0,0,0,0,0,0,0,0
1,257,2,1,2,0,0,0,0,0,0,0,0,0,0,0
1,381,14,8,46,2,0,4,1,0,0,1,2,0,0,0
0,249,4,2,6,0,0,0,0,0,0,0,0,0,0,1
0,120,14,2,16,0,0,0,0,0,0,1,0,0,0,0
0,119,16,2,22,0,1,0,0,0,0,1,0,0,0,0
1,106,20,5,46,0,1,2,0,0,1,1,0,0,0,1
1,308,4,2,6,0,0,0,0,0,0,0,0,0,0,0
1,82,12,4,32,0,0,1,1,1,0,0,0,0,0,0
1,257,4,5,22,1,0,0,1,0,1,0,0,0,0,0
1,192,30,2,36,0,0,2,0,0,0,0,0,0,0,0
1,328,26,12,62,2,3,0,2,3,2,0,0,2,2,0
1,42,2,1,2,0,0,0,0,0,0,0,0,0,0,0
1,117,8,2,16,0,0,0,1,0,0,0,0,0,0,0
1,193,10,9,60,0,1,1,0,1,1,2,0,0,0,0
0,229,24,4,32,1,0,1,0,0,1,1,1,0,0,0
0,231,12,2,16,0,0,1,0,0,0,0,0,0,0,0
0,365,6,11,46,0,2,3,4,0,0,1,1,0,0,0
1,235,12,5,38,0,1,2,0,1,0,0,0,0,0,0
1,240,14,1,14,1,0,0,0,0,0,0,0,0,0,0
0,102,20,5,34,1,0,0,0,2,1,1,0,1,1,0
1,108,6,4,30,3,0,0,0,0,0,0,0,0,0,0
1,133,18,2,22,0,0,0,0,0,0,2,0,0,0,0
1,170,10,2,14,0,0,0,1,0,0,0,0,0,0,0
1,297,22,8,48,3,1,1,0,1,0,2,1,1,0,1
1,130,26,8,42,2,0,0,1,3,0,2,0,1,0,0
1,336,8,10,66,4,2,1,1,1,0,0,0,0,0,0
1,133,18,1,18,0,0,0,0,0,1,0,0,0,0,0
1,200,14,8,46,1,2,2,1,0,2,0,0,0,0,0
1,106,10,3,28,1,0,0,0,0,0,0,0,0,0,0
1,134,10,2,14,0,0,1,0,0,0,0,0,0,0,0
1,325,4,2,10,0,0,0,0,0,0,0,0,0,0,0
1,373,14,5,30,1,0,3,0,1,0,0,1,0,0,0
1,113,34,6,56,1,1,2,0,1,0,1,1,0,0,0
0,213,12,2,16,0,0,1,0,0,0,0,0,0,0,1
1,369,18,11,78,0,0,3,4,0,2,2,0,0,0,0
1,235,14,6,28,1,0,2,0,0,0,3,0,0,0,0
1,288,6,12,74,3,1,2,1,1,1,1,0,0,0,0
0,222,8,9,44,1,0,2,0,1,2,1,0,0,0,1
1,162,10,2,18,0,0,0,0,1,0,0,0,0,0,0
1,148,16,1,16,0,0,0,0,1,0,0,0,0,0,0
1,162,20,1,20,1,0,0,0,0,0,0,0,0,0,0
1,198,10,9,48,2,1,2,1,1,0,1,0,0,0,0
1,94,10,6,30,2,0,0,0,0,1,1,0,0,0,0
0,295,6,2,14,1,0,0,0,0,0,0,0,0,0,0
1,58,10,2,16,0,0,1,0,0,0,0,0,0,0,0
1,36,6,2,10,0,0,0,0,0,0,0,0,0,0,0
1,283,14,4,26,0,0,2,1,0,1,0,0,0,0,0
1,261,14,1,14,0,0,0,0,0,1,0,0,0,0,0
0,106,2,1,2,0,0,0,0,0,0,0,0,0,0,0
1,218,8,4,26,1,0,1,1,0,0,0,0,0,0,0
1,408,12,10,66,2,2,2,1,1,0,1,0,0,0,0
0,269,18,2,20,0,0,2,0,0,0,0,0,0,0,0
0,237,12,2,16,1,0,0,0,0,0,0,0,0,0,0
1,204,32,4,44,0,0,1,1,0,1,1,1,0,1,0
1,203,12,1,12,0,0,0,0,0,0,0,0,0,0,0
1,226,24,7,66,2,0,2,1,0,2,0,0,0,0,0
1,228,12,1,12,0,0,0,0,0,0,0,0,0,0,0
1,84,12,3,22,0,0,1,0,0,0,1,0,0,0,0
0,274,20,6,38,1,1,1,1,1,0,1,1,0,0,0
0,295,10,1,10,0,0,0,0,0,0,0,0,0,0,0
1,256,10,7,50,1,1,2,2,0,0,0,0,0,0,0
0,31,4,1,4,0,0,0,0,0,0,0,0,0,0,0
1,39,18,2,22,1,0,0,1,0,0,0,0,0,0,0
1,308,4,4,26,0,1,0,0,0,2,0,0,0,0,0
1,124,6,2,10,0,0,0,0,0,0,0,0,0,0,0
0,310,16,4,32,2,0,0,0,1,0,1,0,0,0,0
1,188,8,1,8,0,0,0,0,0,0,0,0,0,0,0
1,286,18,8,40,2,0,3,1,0,0,2,0,0,0,0
1,274,14,2,16,0,0,1,0,0,1,0,0,0,0,0
1,279,10,2,16,1,0,0,0,0,0,0,0,0,0,0
1,16,14,1,14,0,0,0,1,0,0,0,0,0,0,0
1,81,22,2,26,0,0,1,0,0,1,0,0,0,0,0
1,179,14,1,14,0,0,0,1,0,0,0,0,0,0,0
1,303,14,9,42,3,2,2,0,0,1,1,0,0,0,0
1,198,10,2,16,0,0,1,0,0,0,0,0,0,0,0
1,134,4,6,24,1,1,1,1,0,0,0,1,0,0,0
0,109,14,1,14,0,0,1,0,0,0,0,0,0,0,0
0,294,10,1,10,0,0,0,0,0,0,0,0,0,0,0
0,90,8,2,12,0,0,0,0,0,0,0,0,0,0,0
0,137,8,7,34,3,0,0,0,0,1,1,0,0,0,1
0,119,12,6,30,0,0,0,1,1,1,2,0,0,0,1
1,194,16,2,22,1,0,1,0,0,0,0,1,0,0,0
1,47,18,1,18,0,0,1,0,0,0,0,0,0,0,0
0,145,4,1,4,0,0,0,0,0,0,0,0,0,0,1
1,303,10,2,14,1,0,0,0,0,0,0,0,0,0,0
1,97,6,2,10,0,0,0,0,0,0,0,0,0,0,0
1,35,14,1,14,0,0,1,0,0,0,0,0,0,0,0
1,216,24,1,24,1,0,0,0,0,0,0,0,0,0,0
1,157,4,2,8,0,0,0,0,0,0,0,0,0,0,0
1,345,14,11,78,4,0,3,1,2,1,0,0,0,0,0
0,227,30,2,34,1,0,0,0,0,1,0,0,0,0,1
1,193,10,10,40,2,1,1,1,2,1,1,0,0,0,0
1,293,2,2,8,0,0,0,0,0,0,0,0,0,0,0
1,171,6,10,44,1,1,1,1,2,0,1,0,0,0,0
0,196,12,2,16,1,0,0,0,0,0,0,0,0,0,0
1,183,8,5,34,2,1,0,0,1,0,0,0,0,0,0
1,111,8,2,14,0,0,0,0,1,0,0,0,0,0,1
1,258,24,6,44,1,1,2,0,0,1,1,1,0,0,0
1,83,36,1,36,1,0,0,0,0,0,0,0,0,0,0
1,203,14,2,22,0,0,1,0,1,0,0,0,0,0,0
1,124,12,6,46,1,1,2,1,0,0,0,0,0,0,0
0,348,10,8,32,1,1,1,2,0,1,0,1,0,1,0
1,87,6,2,14,0,1,0,0,0,0,0,0,0,0,0
1,138,10,7,44,2,0,1,0,0,1,2,1,0,0,0
1,369,6,8,48,3,0,0,3,1,0,0,0,0,0,0
0,225,10,8,28,1,0,3,1,1,1,0,2,0,0,0
0,77,26,5,50,0,3,0,1,0,0,1,0,0,0,0
0,156,20,2,24,0,1,0,0,1,0,0,0,0,0,0
1,273,12,3,24,0,0,0,2,0,0,0,0,0,0,0
1,217,2,2,8,0,0,0,0,0,0,0,0,0,0,0
0,293,2,2,4,0,0,0,0,0,0,0,0,0,0,1
0,84,10,1,10,0,0,0,0,0,0,0,0,0,0,0
1,89,14,1,14,1,0,0,0,0,0,0,0,0,0,0
1,406,16,11,46,4,2,0,0,1,0,4,0,0,0,0
1,196,28,1,28,0,0,0,1,0,0,0,0,0,0,0
1,327,6,11,30,3,1,2,1,1,1,0,0,0,0,0
1,101,2,4,18,2,0,0,0,0,0,0,0,0,0,0
1,261,12,1,12,0,0,0,0,0,0,0,0,0,0,0
0,114,8,2,16,0,1,0,0,0,0,0,0,0,0,0
1,40,16,1,16,0,0,0,1,0,0,0,0,0,0,0
1,371,8,9,40,2,0,1,1,1,1,2,0,0,0,1
0,149,10,1,10,0,0,0,0,0,0,0,0,0,0,0
1,244,10,2,14,1,0,0,0,0,0,0,0,0,0,0
1,74,8,3,18,0,0,0,0,2,0,0,0,0,0,0
0,40,26,2,28,0,0,0,0,2,0,0,0,1,0,0
0,304,12,1,12,0,0,0,0,0,0,0,0,0,0,0
1,80,14,2,20,0,0,0,1,0,1,0,0,0,0,0
0,31,4,2,8,0,0,0,0,0,0,0,0,0,0,0
0,240,10,11,62,1,0,3,0,2,0,4,0,0,0,0
1,64,16,1,16,0,0,0,1,0,0,0,0,0,0,0
1,283,8,2,14,0,0,1,0,0,0,0,0,0,0,0
0,328,12,2,18,1,0,0,0,0,0,0,0,0,0,1
1,134,12,2,18,0,0,1,0,0,0,0,0,0,0,0
1,118,6,6,30,2,0,1,0,0,0,1,0,0,0,0
1,312,2,1,2,0,0,0,0,0,0,0,0,0,0,1
1,222,12,10,54,3,2,3,1,0,0,0,0,0,0,0
1,104,6,3,22,0,0,1,0,0,0,0,0,0,0,1
1,401,16,8,42,4,0,1,2,0,1,0,1,0,1,0
1,373,10,5,26,1,1,1,0,1,0,0,0,0,0,0
0,193,10,2,18,0,0,1,0,0,0,0,0,0,0,1
1,318,22,2,30,0,0,0,0,1,0,1,0,0,0,0
1,292,16,1,16,0,0,0,0,0,0,1,0,0,0,0
1,171,2,2,4,0,0,0,0,0,0,0,0,0,0,1
0,108,16,4,28,0,0,2,1,0,0,1,0,0,0,0
0,109,8,4,18,0,0,2,0,0,0,0,0,0,0,0
0,38,24,1,24,0,1,0,0,0,0,0,0,0,0,0
0,275,4,9,22,0,1,1,1,1,0,0,1,0,0,1
1,235,16,2,20,0,1,0,1,0,0,0,0,0,0,0
1,70,10,2,14,0,0,1,0,0,0,0,0,0,0,0
0,368,8,9,36,3,0,1,0,1,0,1,0,0,0,0
1,214,6,1,6,0,0,0,0,0,0,0,0,0,0,0
1,193,2,1,2,0,0,0,0,0,0,0,0,0,0,1
1,217,12,2,18,0,0,0,1,0,0,0,0,0,0,0
0,395,16,12,78,2,2,1,1,1,2,3,0,0,0,0
1,124,36,2,42,0,0,1,1,0,0,0,0,0,0,0
1,284,16,2,18,1,1,0,0,0,0,0,0,0,0,0
1,144,34,9,52,1,0,4,2,0,2,0,2,0,1,0
1,264,16,2,18,0,0,0,1,0,0,1,0,0,0,0
0,149,16,2,20,0,1,0,0,0,1,0,0,0,0,1
1,150,16,1,16,0,0,1,0,0,0,0,0,0,0,0
0,71,4,1,4,0,0,0,0,0,0,0,0,0,0,0
1,188,2,4,20,0,0,0,0,0,0,1,0,0,0,0
1,272,12,1,12,0,0,0,0,0,0,0,0,0,0,1
0,311,2,2,8,0,0,0,0,0,0,0,0,0,0,0
1,276,16,2,18,0,0,1,0,0,0,1,0,0,0,0
1,271,4,2,6,0,0,0,0,0,0,0,0,0,0,0
0,452,10,11,42,1,1,1,2,1,1,1,1,0,0,0
1,229,34,1,34,0,0,0,1,0,0,0,0,0,0,0
1,228,26,2,28,0,0,0,0,1,0,1,0,0,0,0
1,227,26,2,30,0,1,1,0,0,0,0,0,0,0,0
1,105,12,1,12,0,0,0,0,0,0,0,0,0,0,1
1,427,10,9,36,3,0,2,0,1,0,2,0,0,0,0
1,105,26,2,28,0,0,1,0,1,0,0,0,0,0,0
1,233,10,2,14,0,1,0,0,0,0,0,0,0,0,0
0,237,14,12,52,4,0,4,1,0,0,3,0,0,0,0
1,137,10,2,18,1,0,0,0,0,0,0,0,0,0,0
1,59,32,2,34,0,0,0,1,1,0,0,0,0,0,0
1,44,34,2,40,0,0,1,0,0,0,1,0,0,0,0
1,32,16,1,16,0,0,0,0,1,0,0,0,0,0,0
1,148,6,4,16,1,0,0,0,0,0,0,0,0,0,0
0,117,10,1,10,0,0,0,0,0,0,0,0,0,0,0
1,325,4,10,40,1,2,2,3,0,1,0,1,0,0,0
0,191,6,2,8,0,0,0,0,0,0,0,0,0,0,0
0,164,14,5,34,2,1,0,0,0,0,1,0,0,0,0
1,266,16,4,26,0,1,2,0,0,0,1,0,0,0,0
0,300,14,1,14,0,0,1,0,0,0,0,0,0,0,0
1,360,30,10,74,0,0,6,0,0,2,2,0,0,0,0
1,290,10,9,62,2,1,4,0,1,0,0,1,0,0,0
1,318,6,10,62,3,1,1,1,0,0,2,0,0,0,1
1,212,12,12,42,0,0,3,3,1,3,1,0,0,0,0
1,334,22,4,36,2,0,2,0,0,0,0,0,0,0,0
1,98,2,2,6,0,0,0,0,0,0,0,0,0,0,0
1,373,14,9,56,1,3,1,1,0,2,1,0,0,0,0
1,269,10,1,10,0,0,0,0,0,0,0,0,0,0,0
1,218,16,1,16,0,0,0,0,0,1,0,0,0,0,0
1,310,12,8,46,1,0,2,0,1,2,1,0,0,0,0
0,265,14,10,36,2,2,2,0,0,0,3,1,0,0,0
0,225,14,2,18,0,0,1,0,0,0,0,0,0,0,0
0,336,14,6,32,1,0,2,2,0,0,1,0,0,0,0
0,179,4,11,36,1,1,2,2,0,1,0,1,0,0,0
1,257,10,5,24,0,0,0,1,0,0,0,0,0,0,0
0,220,26,5,44,2,1,1,0,0,0,1,0,0,0,0
1,304,10,2,16,0,0,0,0,0,1,0,0,0,0,0
1,126,2,2,10,0,0,0,0,0,0,0,0,0,0,0
1,282,4,2,10,0,0,0,0,0,0,0,0,0,0,0
0,279,12,11,54,2,3,1,0,2,1,1,1,1,1,0
1,99,10,2,14,0,0,1,0,0,0,0,0,0,0,0
0,320,20,12,76,3,1,4,1,1,1,1,1,0,0,1
1,254,12,10,34,1,1,2,0,2,0,3,2,2,0,0
1,171,12,1,12,0,0,0,0,0,0,0,0,0,0,0
1,232,8,12,44,2,0,3,1,3,1,1,2,1,1,0
0,163,26,1,26,0,0,1,0,0,0,0,0,0,0,0
0,77,14,2,20,0,0,1,1,0,0,0,0,0,0,0
1,205,16,5,38,2,1,0,0,0,1,1,0,0,1,0
1,285,14,9,56,4,0,1,0,0,3,0,0,0,0,0
0,38,6,2,14,0,1,0,0,0,0,0,0,0,0,0
0,87,2,3,16,1,0,0,0,0,0,1,0,0,0,0
0,175,4,6,28,1,0,0,2,0,0,0,0,0,0,0
1,96,22,1,22,0,0,1,0,0,0,0,0,0,0,0
1,132,34,1,34,1,0,0,0,0,0,0,0,0,0,0
1,94,8,2,12,0,0,0,0,0,0,0,0,0,0,0
0,266,16,12,84,3,1,2,1,1,0,4,1,0,0,0
1,214,12,1,12,0,0,0,0,0,0,0,0,0,0,0
0,33,16,1,16,0,0,0,0,0,0,1,0,0,0,0
1,261,28,1,28,1,0,0,0,0,0,0,0,0,0,0
1,288,14,6,46,1,2,0,1,0,0,1,0,0,0,0
1,28,20,1,20,0,0,0,0,1,0,0,0,0,0,0
1,118,16,1,16,0,1,0,0,0,0,0,0,0,0,0
1,153,12,1,12,0,0,0,0,0,0,0,0,0,0,0
1,263,28,8,64,1,0,3,0,1,0,3,2,0,0,0
0,40,14,2,22,0,1,0,1,0,0,0,0,0,0,0
1,388,16,12,52,3,2,1,1,1,1,3,0,0,0,0
1,54,28,1,28,0,0,1,0,0,0,0,0,0,0,0
0,88,10,3,26,0,0,1,0,0,1,0,0,0,0,0
1,288,16,1,16,0,0,0,0,0,0,1,0,0,0,0
1,17,20,1,20,0,0,1,0,0,0,0,0,0,0,0
1,335,4,6,34,1,0,0,1,0,0,1,0,0,0,1
1,147,12,2,14,0,0,0,1,0,0,0,0,0,0,0
1,342,16,8,56,2,0,1,0,1,2,2,0,0,0,0
1,285,14,11,40,3,1,3,2,2,0,0,1,1,0,0
1,174,14,2,22,1,0,0,0,0,0,0,0,0,0,0
0,334,20,5,44,1,0,1,2,1,0,0,0,0,0,0
1,173,18,2,24,1,0,0,1,0,0,0,0,0,0,0
1,96,2,2,6,0,0,0,0,0,0,0,0,0,0,0
1,65,20,1,20,0,0,0,1,0,0,0,0,0,0,0
1,434,10,9,58,3,0,2,1,1,1,0,0,0,0,0
0,208,14,2,22,0,0,0,0,0,1,0,0,0,0,1
1,323,6,7,32,2,0,1,1,0,0,2,0,0,0,0
0,344,10,6,36,0,0,2,1,0,1,0,1,0,1,0
1,204,12,12,80,3,1,2,2,0,1,2,1,0,0,0
1,344,14,3,20,0,0,1,0,0,0,1,0,0,0,0
1,174,34,2,42,0,1,0,1,0,0,0,0,0,0,0
0,388,2,8,18,2,0,0,0,0,0,0,0,0,0,1
1,39,2,1,2,0,0,0,0,0,0,0,0,0,0,0
0,159,14,2,18,1,0,0,1,0,0,0,0,0,0,0
1,211,6,2,8,0,0,0,0,0,0,0,0,0,0,0
1,310,16,1,16,0,0,0,0,0,1,0,0,0,0,1
1,134,12,6,34,0,0,1,1,0,1,0,0,0,1,0
0,222,10,2,12,0,0,0,0,0,0,0,0,0,0,0
0,249,22,2,30,2,0,0,0,0,0,0,0,0,0,0
1,114,2,1,2,0,0,0,0,0,0,0,0,0,0,1
0,125,2,2,10,0,0,0,0,0,0,0,0,0,0,1
1,191,10,1,10,0,0,0,0,0,0,0,0,0,0,0
1,294,10,10,60,4,0,2,1,2,0,0,1,1,0,0
0,36,18,1,18,0,0,0,0,1,0,0,0,0,0,0
1,116,26,7,60,2,1,0,2,2,0,0,0,1,0,0
1,187,4,1,4,0,0,0,0,0,0,0,0,0,0,0
